股票代號,公司名稱,產業大類,受惠股,公布或事件日期,政策狀態,政策名稱,證據文件,正式政策,事件日至今總漲幅（截至2026-07-17）
AIR,AAR Corp.,國防／太空／情報,有(紅色),2025-04-09,執行中,Modernizing Defense Acquisitions and Spurring Innovation in the Defense Industrial Base,Executive Order 14265 — Modernizing Defense Acquisitions and Spurring Innovation in the Defense Industrial Base,Executive Order 14265,+178.71%
AIRI,Air Industries Group,國防／太空／情報,有(紅色),2025-04-09,執行中,Modernizing Defense Acquisitions and Spurring Innovation in the Defense Industrial Base,Executive Order 14265 — Modernizing Defense Acquisitions and Spurring Innovation in the Defense Industrial Base,Executive Order 14265,-16.14%
AMPX,Amprius Technologies Inc,國防／太空／情報,有(紅色),2025-04-09,執行中,Modernizing Defense Acquisitions and Spurring Innovation in the Defense Industrial Base,Executive Order 14265 — Modernizing Defense Acquisitions and Spurring Innovation in the Defense Industrial Base,Executive Order 14265,+379.25%
ATRO,Astronics Corp.,國防／太空／情報,有(紅色),2025-04-09,執行中,Modernizing Defense Acquisitions and Spurring Innovation in the Defense Industrial Base,Executive Order 14265 — Modernizing Defense Acquisitions and Spurring Innovation in the Defense Industrial Base,Executive Order 14265,+293.27%
AVAV,AeroVironment Inc.,國防／太空／情報,有(紅色),2025-04-09,執行中,Modernizing Defense Acquisitions and Spurring Innovation in the Defense Industrial Base,Executive Order 14265 — Modernizing Defense Acquisitions and Spurring Innovation in the Defense Industrial Base,Executive Order 14265,+17.49%
BA,Boeing Co.,國防／太空／情報,有(紅色),2025-04-09,執行中,Modernizing Defense Acquisitions and Spurring Innovation in the Defense Industrial Base,Executive Order 14265 — Modernizing Defense Acquisitions and Spurring Innovation in the Defense Industrial Base,Executive Order 14265,+53.55%
BAH,Booz Allen Hamilton Holding Corp,國防／太空／情報,有(紅色),2025-04-09,執行中,Modernizing Defense Acquisitions and Spurring Innovation in the Defense Industrial Base,Executive Order 14265 — Modernizing Defense Acquisitions and Spurring Innovation in the Defense Industrial Base,Executive Order 14265,-36.89%
BWXT,BWX Technologies Inc,國防／太空／情報,有(紅色),2025-04-09,執行中,Modernizing Defense Acquisitions and Spurring Innovation in the Defense Industrial Base,Executive Order 14265 — Modernizing Defense Acquisitions and Spurring Innovation in the Defense Industrial Base,Executive Order 14265,+85.18%
CACI,Caci International Inc.,國防／太空／情報,有(紅色),2025-04-09,執行中,Modernizing Defense Acquisitions and Spurring Innovation in the Defense Industrial Base,Executive Order 14265 — Modernizing Defense Acquisitions and Spurring Innovation in the Defense Industrial Base,Executive Order 14265,+19.36%
CAE,Cae Inc.,國防／太空／情報,有(紅色),2025-04-09,執行中,Modernizing Defense Acquisitions and Spurring Innovation in the Defense Industrial Base,Executive Order 14265 — Modernizing Defense Acquisitions and Spurring Innovation in the Defense Industrial Base,Executive Order 14265,+17.24%
CVU,CPI Aerostructures Inc,國防／太空／情報,有(紅色),2025-04-09,執行中,Modernizing Defense Acquisitions and Spurring Innovation in the Defense Industrial Base,Executive Order 14265 — Modernizing Defense Acquisitions and Spurring Innovation in the Defense Industrial Base,Executive Order 14265,+36.31%
CW,Curtiss-Wright Corp.,國防／太空／情報,有(紅色),2025-04-09,執行中,Modernizing Defense Acquisitions and Spurring Innovation in the Defense Industrial Base,Executive Order 14265 — Modernizing Defense Acquisitions and Spurring Innovation in the Defense Industrial Base,Executive Order 14265,+142.30%
DCO,Ducommun Inc.,國防／太空／情報,有(紅色),2025-04-09,執行中,Modernizing Defense Acquisitions and Spurring Innovation in the Defense Industrial Base,Executive Order 14265 — Modernizing Defense Acquisitions and Spurring Innovation in the Defense Industrial Base,Executive Order 14265,+214.90%
DPRO,Draganfly Inc,國防／太空／情報,有(紅色),2025-04-09,執行中,Modernizing Defense Acquisitions and Spurring Innovation in the Defense Industrial Base,Executive Order 14265 — Modernizing Defense Acquisitions and Spurring Innovation in the Defense Industrial Base,Executive Order 14265,+104.39%
DRS,Leonardo DRS Inc.,國防／太空／情報,有(紅色),2025-04-09,執行中,Modernizing Defense Acquisitions and Spurring Innovation in the Defense Industrial Base,Executive Order 14265 — Modernizing Defense Acquisitions and Spurring Innovation in the Defense Industrial Base,Executive Order 14265,+42.00%
FLY,Firefly Aerospace Inc.,國防／太空／情報,有(紅色),2025-04-09,執行中,Modernizing Defense Acquisitions and Spurring Innovation in the Defense Industrial Base,Executive Order 14265 — Modernizing Defense Acquisitions and Spurring Innovation in the Defense Industrial Base,Executive Order 14265,N/A（事件日尚未上市／無行情）
GD,General Dynamics Corp.,國防／太空／情報,有(紅色),2025-04-09,執行中,Modernizing Defense Acquisitions and Spurring Innovation in the Defense Industrial Base,Executive Order 14265 — Modernizing Defense Acquisitions and Spurring Innovation in the Defense Industrial Base,Executive Order 14265,+49.02%
GE,GE Aerospace,國防／太空／情報,有(紅色),2025-04-09,執行中,Modernizing Defense Acquisitions and Spurring Innovation in the Defense Industrial Base,Executive Order 14265 — Modernizing Defense Acquisitions and Spurring Innovation in the Defense Industrial Base,Executive Order 14265,+107.31%
GOOGL,Alphabet Inc,國防／太空／情報,有(紅色),2025-04-09,執行中,Modernizing Defense Acquisitions and Spurring Innovation in the Defense Industrial Base,Executive Order 14265 — Modernizing Defense Acquisitions and Spurring Innovation in the Defense Industrial Base,Executive Order 14265,+140.62%
HAWK,HawkEye 360 Inc.,國防／太空／情報,有(紅色),2025-04-09,執行中,Modernizing Defense Acquisitions and Spurring Innovation in the Defense Industrial Base,Executive Order 14265 — Modernizing Defense Acquisitions and Spurring Innovation in the Defense Industrial Base,Executive Order 14265,N/A（事件日尚未上市／無行情）
HEI,Heico Corp.,國防／太空／情報,有(紅色),2025-04-09,執行中,Modernizing Defense Acquisitions and Spurring Innovation in the Defense Industrial Base,Executive Order 14265 — Modernizing Defense Acquisitions and Spurring Innovation in the Defense Industrial Base,Executive Order 14265,+43.61%
HII,Huntington Ingalls Industries Inc,國防／太空／情報,有(紅色),2025-04-09,執行中,Modernizing Defense Acquisitions and Spurring Innovation in the Defense Industrial Base,Executive Order 14265 — Modernizing Defense Acquisitions and Spurring Innovation in the Defense Industrial Base,Executive Order 14265,+46.81%
HONA,Honeywell Aerospace Inc,國防／太空／情報,有(紅色),2025-04-09,執行中,Modernizing Defense Acquisitions and Spurring Innovation in the Defense Industrial Base,Executive Order 14265 — Modernizing Defense Acquisitions and Spurring Innovation in the Defense Industrial Base,Executive Order 14265,N/A（事件日尚未上市／無行情）
HWM,Howmet Aerospace Inc,國防／太空／情報,有(紅色),2025-04-09,執行中,Modernizing Defense Acquisitions and Spurring Innovation in the Defense Industrial Base,Executive Order 14265 — Modernizing Defense Acquisitions and Spurring Innovation in the Defense Industrial Base,Executive Order 14265,+138.37%
HXL,Hexcel Corp.,國防／太空／情報,有(紅色),2025-04-09,執行中,Modernizing Defense Acquisitions and Spurring Innovation in the Defense Industrial Base,Executive Order 14265 — Modernizing Defense Acquisitions and Spurring Innovation in the Defense Industrial Base,Executive Order 14265,+121.39%
KRMN,Karman Holdings Inc.,國防／太空／情報,有(紅色),2025-04-09,執行中,Modernizing Defense Acquisitions and Spurring Innovation in the Defense Industrial Base,Executive Order 14265 — Modernizing Defense Acquisitions and Spurring Innovation in the Defense Industrial Base,Executive Order 14265,+66.08%
KTOS,Kratos Defense & Security Solutions Inc,國防／太空／情報,有(紅色),2025-04-09,執行中,Modernizing Defense Acquisitions and Spurring Innovation in the Defense Industrial Base,Executive Order 14265 — Modernizing Defense Acquisitions and Spurring Innovation in the Defense Industrial Base,Executive Order 14265,+59.16%
LDOS,Leidos Holdings Inc,國防／太空／情報,有(紅色),2025-04-09,執行中,Modernizing Defense Acquisitions and Spurring Innovation in the Defense Industrial Base,Executive Order 14265 — Modernizing Defense Acquisitions and Spurring Innovation in the Defense Industrial Base,Executive Order 14265,-19.10%
LHX,L3Harris Technologies Inc,國防／太空／情報,有(紅色),2025-04-09,執行中,Modernizing Defense Acquisitions and Spurring Innovation in the Defense Industrial Base,Executive Order 14265 — Modernizing Defense Acquisitions and Spurring Innovation in the Defense Industrial Base,Executive Order 14265,+43.46%
LMT,Lockheed Martin Corp.,國防／太空／情報,有(紅色),2025-04-09,執行中,Modernizing Defense Acquisitions and Spurring Innovation in the Defense Industrial Base,Executive Order 14265 — Modernizing Defense Acquisitions and Spurring Innovation in the Defense Industrial Base,Executive Order 14265,+18.66%
LOAR,Loar Holdings Inc.,國防／太空／情報,有(紅色),2025-04-09,執行中,Modernizing Defense Acquisitions and Spurring Innovation in the Defense Industrial Base,Executive Order 14265 — Modernizing Defense Acquisitions and Spurring Innovation in the Defense Industrial Base,Executive Order 14265,-7.04%
LUNR,Intuitive Machines Inc,國防／太空／情報,有(紅色),2025-04-09,執行中,Modernizing Defense Acquisitions and Spurring Innovation in the Defense Industrial Base,Executive Order 14265 — Modernizing Defense Acquisitions and Spurring Innovation in the Defense Industrial Base,Executive Order 14265,+86.35%
MDA,MDA Space Ltd.,國防／太空／情報,有(紅色),2025-04-09,執行中,Modernizing Defense Acquisitions and Spurring Innovation in the Defense Industrial Base,Executive Order 14265 — Modernizing Defense Acquisitions and Spurring Innovation in the Defense Industrial Base,Executive Order 14265,N/A（事件日尚未上市／無行情）
MRCY,Mercury Systems Inc,國防／太空／情報,有(紅色),2025-04-09,執行中,Modernizing Defense Acquisitions and Spurring Innovation in the Defense Industrial Base,Executive Order 14265 — Modernizing Defense Acquisitions and Spurring Innovation in the Defense Industrial Base,Executive Order 14265,+123.65%
NOC,Northrop Grumman Corp.,國防／太空／情報,有(紅色),2025-04-09,執行中,Modernizing Defense Acquisitions and Spurring Innovation in the Defense Industrial Base,Executive Order 14265 — Modernizing Defense Acquisitions and Spurring Innovation in the Defense Industrial Base,Executive Order 14265,+8.19%
ONDS,Ondas Inc.,國防／太空／情報,有(紅色),2025-04-09,執行中,Modernizing Defense Acquisitions and Spurring Innovation in the Defense Industrial Base,Executive Order 14265 — Modernizing Defense Acquisitions and Spurring Innovation in the Defense Industrial Base,Executive Order 14265,+770.00%
PDYN,Palladyne AI Corp.,國防／太空／情報,有(紅色),2025-04-09,執行中,Modernizing Defense Acquisitions and Spurring Innovation in the Defense Industrial Base,Executive Order 14265 — Modernizing Defense Acquisitions and Spurring Innovation in the Defense Industrial Base,Executive Order 14265,-11.59%
PKE,Park Aerospace Corp,國防／太空／情報,有(紅色),2025-04-09,執行中,Modernizing Defense Acquisitions and Spurring Innovation in the Defense Industrial Base,Executive Order 14265 — Modernizing Defense Acquisitions and Spurring Innovation in the Defense Industrial Base,Executive Order 14265,+173.30%
PL,Planet Labs PBC,國防／太空／情報,有(紅色),2025-04-09,執行中,Modernizing Defense Acquisitions and Spurring Innovation in the Defense Industrial Base,Executive Order 14265 — Modernizing Defense Acquisitions and Spurring Innovation in the Defense Industrial Base,Executive Order 14265,+639.14%
PLTR,Palantir Technologies Inc,國防／太空／情報,有(紅色),2025-04-09,執行中,Modernizing Defense Acquisitions and Spurring Innovation in the Defense Industrial Base,Executive Order 14265 — Modernizing Defense Acquisitions and Spurring Innovation in the Defense Industrial Base,Executive Order 14265,+71.21%
RCAT,Red Cat Holdings Inc,國防／太空／情報,有(紅色),2025-04-09,執行中,Modernizing Defense Acquisitions and Spurring Innovation in the Defense Industrial Base,Executive Order 14265 — Modernizing Defense Acquisitions and Spurring Innovation in the Defense Industrial Base,Executive Order 14265,+15.41%
RDW,Redwire Corporation,國防／太空／情報,有(紅色),2025-04-09,執行中,Modernizing Defense Acquisitions and Spurring Innovation in the Defense Industrial Base,Executive Order 14265 — Modernizing Defense Acquisitions and Spurring Innovation in the Defense Industrial Base,Executive Order 14265,+9.60%
RKLB,Rocket Lab USA Inc,國防／太空／情報,有(紅色),2025-04-09,執行中,Modernizing Defense Acquisitions and Spurring Innovation in the Defense Industrial Base,Executive Order 14265 — Modernizing Defense Acquisitions and Spurring Innovation in the Defense Industrial Base,Executive Order 14265,+293.60%
RTX,RTX Corp,國防／太空／情報,有(紅色),2025-04-09,執行中,Modernizing Defense Acquisitions and Spurring Innovation in the Defense Industrial Base,Executive Order 14265 — Modernizing Defense Acquisitions and Spurring Innovation in the Defense Industrial Base,Executive Order 14265,+64.03%
SAIC,Science Applications International Corp.,國防／太空／情報,有(紅色),2025-04-09,執行中,Modernizing Defense Acquisitions and Spurring Innovation in the Defense Industrial Base,Executive Order 14265 — Modernizing Defense Acquisitions and Spurring Innovation in the Defense Industrial Base,Executive Order 14265,+8.18%
SIF,SIFCO Industries Inc.,國防／太空／情報,有(紅色),2025-04-09,執行中,Modernizing Defense Acquisitions and Spurring Innovation in the Defense Industrial Base,Executive Order 14265 — Modernizing Defense Acquisitions and Spurring Innovation in the Defense Industrial Base,Executive Order 14265,+778.91%
SPCX,Space Exploration Technologies Corp.,國防／太空／情報,有(紅色),2025-04-09,執行中,Modernizing Defense Acquisitions and Spurring Innovation in the Defense Industrial Base,Executive Order 14265 — Modernizing Defense Acquisitions and Spurring Innovation in the Defense Industrial Base,Executive Order 14265,N/A（事件日尚未上市／無行情）
TATT,TAT Technologies Ltd.,國防／太空／情報,有(紅色),2025-04-09,執行中,Modernizing Defense Acquisitions and Spurring Innovation in the Defense Industrial Base,Executive Order 14265 — Modernizing Defense Acquisitions and Spurring Innovation in the Defense Industrial Base,Executive Order 14265,+55.75%
TDG,Transdigm Group Incorporated,國防／太空／情報,有(紅色),2025-04-09,執行中,Modernizing Defense Acquisitions and Spurring Innovation in the Defense Industrial Base,Executive Order 14265 — Modernizing Defense Acquisitions and Spurring Innovation in the Defense Industrial Base,Executive Order 14265,+5.37%
TXT,Textron Inc.,國防／太空／情報,有(紅色),2025-04-09,執行中,Modernizing Defense Acquisitions and Spurring Innovation in the Defense Industrial Base,Executive Order 14265 — Modernizing Defense Acquisitions and Spurring Innovation in the Defense Industrial Base,Executive Order 14265,+50.31%
UAVS,AgEagle Aerial Systems Inc.,國防／太空／情報,有(紅色),2025-04-09,執行中,Modernizing Defense Acquisitions and Spurring Innovation in the Defense Industrial Base,Executive Order 14265 — Modernizing Defense Acquisitions and Spurring Innovation in the Defense Industrial Base,Executive Order 14265,-29.13%
UMAC,Unusual Machines Inc,國防／太空／情報,有(紅色),2025-04-09,執行中,Modernizing Defense Acquisitions and Spurring Innovation in the Defense Industrial Base,Executive Order 14265 — Modernizing Defense Acquisitions and Spurring Innovation in the Defense Industrial Base,Executive Order 14265,+244.81%
VSEC,VSE Corp.,國防／太空／情報,有(紅色),2025-04-09,執行中,Modernizing Defense Acquisitions and Spurring Innovation in the Defense Industrial Base,Executive Order 14265 — Modernizing Defense Acquisitions and Spurring Innovation in the Defense Industrial Base,Executive Order 14265,+87.96%
VVX,V2X Inc,國防／太空／情報,有(紅色),2025-04-09,執行中,Modernizing Defense Acquisitions and Spurring Innovation in the Defense Industrial Base,Executive Order 14265 — Modernizing Defense Acquisitions and Spurring Innovation in the Defense Industrial Base,Executive Order 14265,+65.59%
WWD,Woodward Inc,國防／太空／情報,有(紅色),2025-04-09,執行中,Modernizing Defense Acquisitions and Spurring Innovation in the Defense Industrial Base,Executive Order 14265 — Modernizing Defense Acquisitions and Spurring Innovation in the Defense Industrial Base,Executive Order 14265,+150.75%
YSS,York Space Systems Inc,國防／太空／情報,有(紅色),2025-04-09,執行中,Modernizing Defense Acquisitions and Spurring Innovation in the Defense Industrial Base,Executive Order 14265 — Modernizing Defense Acquisitions and Spurring Innovation in the Defense Industrial Base,Executive Order 14265,N/A（事件日尚未上市／無行情）
AADX,Applied Aerospace & Defense Inc.,國防／太空／情報,沒有(灰色),未確認,未確認,未確認,未找到公司層級政策關聯證據,未確認正式政策關聯,N/A（事件日期未確認）
AXON,Axon Enterprise Inc,國防／太空／情報,沒有(灰色),未確認,未確認,未確認,未找到公司層級政策關聯證據,未確認正式政策關聯,N/A（事件日期未確認）
CDRE,Cadre Holdings Inc,國防／太空／情報,沒有(灰色),未確認,未確認,未確認,未找到公司層級政策關聯證據,未確認正式政策關聯,N/A（事件日期未確認）
SPCE,Virgin Galactic Holdings Inc,國防／太空／情報,沒有(灰色),未確認,未確認,未確認,未找到公司層級政策關聯證據,未確認正式政策關聯,N/A（事件日期未確認）
VOYG,Voyager Technologies Inc.,國防／太空／情報,沒有(灰色),未確認,未確認,未確認,未找到公司層級政策關聯證據,未確認正式政策關聯,N/A（事件日期未確認）
AMD,Advanced Micro Devices Inc.,AI／資料中心／電力基建,有(紅色),2025-07-23,執行中,Accelerating Federal Permitting of Data Center Infrastructure,Executive Order 14318 — Accelerating Federal Permitting of Data Center Infrastructure,Executive Order 14318,+220.42%
AMZN,Amazon.com Inc.,AI／資料中心／電力基建,有(紅色),2025-07-23,執行中,Accelerating Federal Permitting of Data Center Infrastructure,Executive Order 14318 — Accelerating Federal Permitting of Data Center Infrastructure,Executive Order 14318,+8.69%
ANET,Arista Networks Inc,AI／資料中心／電力基建,有(紅色),2025-07-23,執行中,Accelerating Federal Permitting of Data Center Infrastructure,Executive Order 14318 — Accelerating Federal Permitting of Data Center Infrastructure,Executive Order 14318,+53.59%
APH,Amphenol Corp.,AI／資料中心／電力基建,有(紅色),2025-07-23,執行中,Accelerating Federal Permitting of Data Center Infrastructure,Executive Order 14318 — Accelerating Federal Permitting of Data Center Infrastructure,Executive Order 14318,+49.57%
BE,Bloom Energy Corp,AI／資料中心／電力基建,有(紅色),2025-07-23,執行中,Accelerating Federal Permitting of Data Center Infrastructure,Executive Order 14318 — Accelerating Federal Permitting of Data Center Infrastructure,Executive Order 14318,+729.00%
CARR,Carrier Global Corp,AI／資料中心／電力基建,有(紅色),2025-07-23,執行中,Accelerating Federal Permitting of Data Center Infrastructure,Executive Order 14318 — Accelerating Federal Permitting of Data Center Infrastructure,Executive Order 14318,-9.06%
CEG,Constellation Energy Corporation,AI／資料中心／電力基建,有(紅色),2025-07-23,執行中,Accelerating Federal Permitting of Data Center Infrastructure,Executive Order 14318 — Accelerating Federal Permitting of Data Center Infrastructure,Executive Order 14318,-20.16%
CSCO,"Cisco Systems, Inc.",AI／資料中心／電力基建,有(紅色),2025-07-23,執行中,Accelerating Federal Permitting of Data Center Infrastructure,Executive Order 14318 — Accelerating Federal Permitting of Data Center Infrastructure,Executive Order 14318,+67.63%
DELL,Dell Technologies Inc,AI／資料中心／電力基建,有(紅色),2025-07-23,執行中,Accelerating Federal Permitting of Data Center Infrastructure,Executive Order 14318 — Accelerating Federal Permitting of Data Center Infrastructure,Executive Order 14318,+222.31%
ETN,Eaton Corporation plc,AI／資料中心／電力基建,有(紅色),2025-07-23,執行中,Accelerating Federal Permitting of Data Center Infrastructure,Executive Order 14318 — Accelerating Federal Permitting of Data Center Infrastructure,Executive Order 14318,+8.58%
GEV,GE Vernova Inc.,AI／資料中心／電力基建,有(紅色),2025-07-23,執行中,Accelerating Federal Permitting of Data Center Infrastructure,Executive Order 14318 — Accelerating Federal Permitting of Data Center Infrastructure,Executive Order 14318,+93.13%
GLW,"Corning, Inc.",AI／資料中心／電力基建,有(紅色),2025-07-23,執行中,Accelerating Federal Permitting of Data Center Infrastructure,Executive Order 14318 — Accelerating Federal Permitting of Data Center Infrastructure,Executive Order 14318,+189.34%
GOOGL,Alphabet Inc,AI／資料中心／電力基建,有(紅色),2025-07-23,執行中,Accelerating Federal Permitting of Data Center Infrastructure,Executive Order 14318 — Accelerating Federal Permitting of Data Center Infrastructure,Executive Order 14318,+81.75%
HPE,Hewlett Packard Enterprise Co,AI／資料中心／電力基建,有(紅色),2025-07-23,執行中,Accelerating Federal Permitting of Data Center Infrastructure,Executive Order 14318 — Accelerating Federal Permitting of Data Center Infrastructure,Executive Order 14318,+129.17%
IBM,International Business Machines Corp.,AI／資料中心／電力基建,有(紅色),2025-07-23,執行中,Accelerating Federal Permitting of Data Center Infrastructure,Executive Order 14318 — Accelerating Federal Permitting of Data Center Infrastructure,Executive Order 14318,-22.65%
JCI,Johnson Controls International plc,AI／資料中心／電力基建,有(紅色),2025-07-23,執行中,Accelerating Federal Permitting of Data Center Infrastructure,Executive Order 14318 — Accelerating Federal Permitting of Data Center Infrastructure,Executive Order 14318,+30.46%
MOD,Modine Manufacturing Co.,AI／資料中心／電力基建,有(紅色),2025-07-23,執行中,Accelerating Federal Permitting of Data Center Infrastructure,Executive Order 14318 — Accelerating Federal Permitting of Data Center Infrastructure,Executive Order 14318,+144.42%
MSFT,Microsoft Corporation,AI／資料中心／電力基建,有(紅色),2025-07-23,執行中,Accelerating Federal Permitting of Data Center Infrastructure,Executive Order 14318 — Accelerating Federal Permitting of Data Center Infrastructure,Executive Order 14318,-21.43%
NVDA,NVIDIA Corp,AI／資料中心／電力基建,有(紅色),2025-07-23,執行中,Accelerating Federal Permitting of Data Center Infrastructure,Executive Order 14318 — Accelerating Federal Permitting of Data Center Infrastructure,Executive Order 14318,+21.58%
NVT,nVent Electric plc,AI／資料中心／電力基建,有(紅色),2025-07-23,執行中,Accelerating Federal Permitting of Data Center Infrastructure,Executive Order 14318 — Accelerating Federal Permitting of Data Center Infrastructure,Executive Order 14318,+108.70%
ORCL,Oracle Corp.,AI／資料中心／電力基建,有(紅色),2025-07-23,執行中,Accelerating Federal Permitting of Data Center Infrastructure,Executive Order 14318 — Accelerating Federal Permitting of Data Center Infrastructure,Executive Order 14318,-46.31%
PWR,"Quanta Services, Inc.",AI／資料中心／電力基建,有(紅色),2025-07-23,執行中,Accelerating Federal Permitting of Data Center Infrastructure,Executive Order 14318 — Accelerating Federal Permitting of Data Center Infrastructure,Executive Order 14318,+59.29%
SMCI,Super Micro Computer Inc,AI／資料中心／電力基建,有(紅色),2025-07-23,執行中,Accelerating Federal Permitting of Data Center Infrastructure,Executive Order 14318 — Accelerating Federal Permitting of Data Center Infrastructure,Executive Order 14318,-51.50%
TT,Trane Technologies plc,AI／資料中心／電力基建,有(紅色),2025-07-23,執行中,Accelerating Federal Permitting of Data Center Infrastructure,Executive Order 14318 — Accelerating Federal Permitting of Data Center Infrastructure,Executive Order 14318,+5.71%
VRT,Vertiv Holdings Co,AI／資料中心／電力基建,有(紅色),2025-07-23,執行中,Accelerating Federal Permitting of Data Center Infrastructure,Executive Order 14318 — Accelerating Federal Permitting of Data Center Infrastructure,Executive Order 14318,+131.37%
ABB,ABB Ltd.,AI／資料中心／電力基建,沒有(灰色),未確認,未確認,未確認,未找到公司層級政策關聯證據,未確認正式政策關聯,N/A（事件日期未確認）
DLR,Digital Realty Trust Inc,AI／資料中心／電力基建,沒有(灰色),未確認,未確認,未確認,未找到公司層級政策關聯證據,未確認正式政策關聯,N/A（事件日期未確認）
EQIX,Equinix Inc,AI／資料中心／電力基建,沒有(灰色),未確認,未確認,未確認,未找到公司層級政策關聯證據,未確認正式政策關聯,N/A（事件日期未確認）
FLNC,Fluence Energy Inc,AI／資料中心／電力基建,沒有(灰色),未確認,未確認,未確認,未找到公司層級政策關聯證據,未確認正式政策關聯,N/A（事件日期未確認）
META,Meta Platforms Inc,AI／資料中心／電力基建,沒有(灰色),未確認,未確認,未確認,未找到公司層級政策關聯證據,未確認正式政策關聯,N/A（事件日期未確認）
NRG,NRG Energy Inc.,AI／資料中心／電力基建,沒有(灰色),未確認,未確認,未確認,未找到公司層級政策關聯證據,未確認正式政策關聯,N/A（事件日期未確認）
VST,Vistra Corp,AI／資料中心／電力基建,沒有(灰色),未確認,未確認,未確認,未找到公司層級政策關聯證據,未確認正式政策關聯,N/A（事件日期未確認）
AMAT,Applied Materials Inc.,半導體／美國製造／AI 晶片,有(紅色),2026-01-14,已生效,"Adjusting Imports of Semiconductors, Semiconductor Manufacturing Equipment, and Their Derivative Products into the United States","Proclamation 11002 — Adjusting Imports of Semiconductors, Semiconductor Manufacturing Equipment, and Their Derivative Products into the United States",Presidential Proclamation 11002（Section 232）,+74.17%
AMD,Advanced Micro Devices Inc.,半導體／美國製造／AI 晶片,有(紅色),2026-01-14,已生效,"Adjusting Imports of Semiconductors, Semiconductor Manufacturing Equipment, and Their Derivative Products into the United States","Proclamation 11002 — Adjusting Imports of Semiconductors, Semiconductor Manufacturing Equipment, and Their Derivative Products into the United States",Presidential Proclamation 11002（Section 232）,+124.36%
GFS,GlobalFoundries Inc,半導體／美國製造／AI 晶片,有(紅色),2026-01-14,已生效,"Adjusting Imports of Semiconductors, Semiconductor Manufacturing Equipment, and Their Derivative Products into the United States","Proclamation 11002 — Adjusting Imports of Semiconductors, Semiconductor Manufacturing Equipment, and Their Derivative Products into the United States",Presidential Proclamation 11002（Section 232）,+40.84%
INTC,Intel Corp.,半導體／美國製造／AI 晶片,有(紅色),2026-01-14,已生效,"Adjusting Imports of Semiconductors, Semiconductor Manufacturing Equipment, and Their Derivative Products into the United States","Proclamation 11002 — Adjusting Imports of Semiconductors, Semiconductor Manufacturing Equipment, and Their Derivative Products into the United States",Presidential Proclamation 11002（Section 232）,+100.97%
KLAC,KLA Corp.,半導體／美國製造／AI 晶片,有(紅色),2026-01-14,已生效,"Adjusting Imports of Semiconductors, Semiconductor Manufacturing Equipment, and Their Derivative Products into the United States","Proclamation 11002 — Adjusting Imports of Semiconductors, Semiconductor Manufacturing Equipment, and Their Derivative Products into the United States",Presidential Proclamation 11002（Section 232）,+47.94%
LRCX,Lam Research Corp.,半導體／美國製造／AI 晶片,有(紅色),2026-01-14,已生效,"Adjusting Imports of Semiconductors, Semiconductor Manufacturing Equipment, and Their Derivative Products into the United States","Proclamation 11002 — Adjusting Imports of Semiconductors, Semiconductor Manufacturing Equipment, and Their Derivative Products into the United States",Presidential Proclamation 11002（Section 232）,+46.42%
MCHP,"Microchip Technology, Inc.",半導體／美國製造／AI 晶片,有(紅色),2026-01-14,已生效,"Adjusting Imports of Semiconductors, Semiconductor Manufacturing Equipment, and Their Derivative Products into the United States","Proclamation 11002 — Adjusting Imports of Semiconductors, Semiconductor Manufacturing Equipment, and Their Derivative Products into the United States",Presidential Proclamation 11002（Section 232）,+10.50%
MU,Micron Technology Inc.,半導體／美國製造／AI 晶片,有(紅色),2026-01-14,已生效,"Adjusting Imports of Semiconductors, Semiconductor Manufacturing Equipment, and Their Derivative Products into the United States","Proclamation 11002 — Adjusting Imports of Semiconductors, Semiconductor Manufacturing Equipment, and Their Derivative Products into the United States",Presidential Proclamation 11002（Section 232）,+151.22%
NVDA,NVIDIA Corp,半導體／美國製造／AI 晶片,有(紅色),2026-01-14,已生效,"Adjusting Imports of Semiconductors, Semiconductor Manufacturing Equipment, and Their Derivative Products into the United States","Proclamation 11002 — Adjusting Imports of Semiconductors, Semiconductor Manufacturing Equipment, and Their Derivative Products into the United States",Presidential Proclamation 11002（Section 232）,+9.28%
ON,ON Semiconductor Corp.,半導體／美國製造／AI 晶片,有(紅色),2026-01-14,已生效,"Adjusting Imports of Semiconductors, Semiconductor Manufacturing Equipment, and Their Derivative Products into the United States","Proclamation 11002 — Adjusting Imports of Semiconductors, Semiconductor Manufacturing Equipment, and Their Derivative Products into the United States",Presidential Proclamation 11002（Section 232）,+47.06%
TER,"Teradyne, Inc.",半導體／美國製造／AI 晶片,有(紅色),2026-01-14,已生效,"Adjusting Imports of Semiconductors, Semiconductor Manufacturing Equipment, and Their Derivative Products into the United States","Proclamation 11002 — Adjusting Imports of Semiconductors, Semiconductor Manufacturing Equipment, and Their Derivative Products into the United States",Presidential Proclamation 11002（Section 232）,+40.71%
TSM,Taiwan Semiconductor Manufacturing,半導體／美國製造／AI 晶片,有(紅色),2026-01-14,已生效,"Adjusting Imports of Semiconductors, Semiconductor Manufacturing Equipment, and Their Derivative Products into the United States","Proclamation 11002 — Adjusting Imports of Semiconductors, Semiconductor Manufacturing Equipment, and Their Derivative Products into the United States",Presidential Proclamation 11002（Section 232）,+20.90%
TXN,Texas Instruments Inc.,半導體／美國製造／AI 晶片,有(紅色),2026-01-14,已生效,"Adjusting Imports of Semiconductors, Semiconductor Manufacturing Equipment, and Their Derivative Products into the United States","Proclamation 11002 — Adjusting Imports of Semiconductors, Semiconductor Manufacturing Equipment, and Their Derivative Products into the United States",Presidential Proclamation 11002（Section 232）,+52.40%
WOLF,Wolfspeed Inc,半導體／美國製造／AI 晶片,有(紅色),2026-01-14,已生效,"Adjusting Imports of Semiconductors, Semiconductor Manufacturing Equipment, and Their Derivative Products into the United States","Proclamation 11002 — Adjusting Imports of Semiconductors, Semiconductor Manufacturing Equipment, and Their Derivative Products into the United States",Presidential Proclamation 11002（Section 232）,+53.20%
ALAB,Astera Labs Inc.,半導體／美國製造／AI 晶片,沒有(灰色),未確認,未確認,未確認,未找到公司層級政策關聯證據,未確認正式政策關聯,N/A（事件日期未確認）
ARM,Arm Holdings plc.,半導體／美國製造／AI 晶片,沒有(灰色),未確認,未確認,未確認,未找到公司層級政策關聯證據,未確認正式政策關聯,N/A（事件日期未確認）
ASML,ASML Holding NV,半導體／美國製造／AI 晶片,沒有(灰色),未確認,未確認,未確認,未找到公司層級政策關聯證據,未確認正式政策關聯,N/A（事件日期未確認）
AVGO,Broadcom Inc,半導體／美國製造／AI 晶片,沒有(灰色),未確認,未確認,未確認,未找到公司層級政策關聯證據,未確認正式政策關聯,N/A（事件日期未確認）
CRDO,Credo Technology Group Holding Ltd,半導體／美國製造／AI 晶片,沒有(灰色),未確認,未確認,未確認,未找到公司層級政策關聯證據,未確認正式政策關聯,N/A（事件日期未確認）
MPWR,Monolithic Power System Inc,半導體／美國製造／AI 晶片,沒有(灰色),未確認,未確認,未確認,未找到公司層級政策關聯證據,未確認正式政策關聯,N/A（事件日期未確認）
MRVL,Marvell Technology Inc,半導體／美國製造／AI 晶片,沒有(灰色),未確認,未確認,未確認,未找到公司層級政策關聯證據,未確認正式政策關聯,N/A（事件日期未確認）
MTSI,MACOM Technology Solutions Holdings Inc,半導體／美國製造／AI 晶片,沒有(灰色),未確認,未確認,未確認,未找到公司層級政策關聯證據,未確認正式政策關聯,N/A（事件日期未確認）
NXPI,NXP Semiconductors NV,半導體／美國製造／AI 晶片,沒有(灰色),未確認,未確認,未確認,未找到公司層級政策關聯證據,未確認正式政策關聯,N/A（事件日期未確認）
Q,Qnity Electronics Inc,半導體／美國製造／AI 晶片,沒有(灰色),未確認,未確認,未確認,未找到公司層級政策關聯證據,未確認正式政策關聯,N/A（事件日期未確認）
QCOM,"Qualcomm, Inc.",半導體／美國製造／AI 晶片,沒有(灰色),未確認,未確認,未確認,未找到公司層級政策關聯證據,未確認正式政策關聯,N/A（事件日期未確認）
ABAT,American Battery Technology Company,關鍵礦物／國安材料,有(紅色),2025-03-20,執行中,Immediate Measures to Increase American Mineral Production,Executive Order 14241 — Immediate Measures to Increase American Mineral Production,Executive Order 14241,+116.51%
ALB,Albemarle Corp.,關鍵礦物／國安材料,有(紅色),2025-03-20,執行中,Immediate Measures to Increase American Mineral Production,Executive Order 14241 — Immediate Measures to Increase American Mineral Production,Executive Order 14241,+55.01%
CLF,Cleveland-Cliffs Inc,關鍵礦物／國安材料,有(紅色),2025-03-20,執行中,Immediate Measures to Increase American Mineral Production,Executive Order 14241 — Immediate Measures to Increase American Mineral Production,Executive Order 14241,-2.93%
LAC,Lithium Americas Corp (NewCo),關鍵礦物／國安材料,有(紅色),2025-03-20,執行中,Immediate Measures to Increase American Mineral Production,Executive Order 14241 — Immediate Measures to Increase American Mineral Production,Executive Order 14241,-2.64%
METC,Ramaco Resources Inc,關鍵礦物／國安材料,有(紅色),2025-03-20,執行中,Immediate Measures to Increase American Mineral Production,Executive Order 14241 — Immediate Measures to Increase American Mineral Production,Executive Order 14241,+25.51%
MP,MP Materials Corporation,關鍵礦物／國安材料,有(紅色),2025-03-20,執行中,Immediate Measures to Increase American Mineral Production,Executive Order 14241 — Immediate Measures to Increase American Mineral Production,Executive Order 14241,+68.74%
NB,NioCorp Developments Ltd,關鍵礦物／國安材料,有(紅色),2025-03-20,執行中,Immediate Measures to Increase American Mineral Production,Executive Order 14241 — Immediate Measures to Increase American Mineral Production,Executive Order 14241,+142.05%
PLL,Piedmont Lithium Inc,關鍵礦物／國安材料,有(紅色),2025-03-20,執行中,Immediate Measures to Increase American Mineral Production,Executive Order 14241 — Immediate Measures to Increase American Mineral Production,Executive Order 14241,+198.66%
PPTA,Perpetua Resources Corp.,關鍵礦物／國安材料,有(紅色),2025-03-20,執行中,Immediate Measures to Increase American Mineral Production,Executive Order 14241 — Immediate Measures to Increase American Mineral Production,Executive Order 14241,+51.57%
TMQ,Trilogy Metals Inc,關鍵礦物／國安材料,有(紅色),2025-03-20,執行中,Immediate Measures to Increase American Mineral Production,Executive Order 14241 — Immediate Measures to Increase American Mineral Production,Executive Order 14241,+85.09%
UAMY,United States Antimony Corp.,關鍵礦物／國安材料,有(紅色),2025-03-20,執行中,Immediate Measures to Increase American Mineral Production,Executive Order 14241 — Immediate Measures to Increase American Mineral Production,Executive Order 14241,+203.33%
USAR,USA Rare Earth Inc.,關鍵礦物／國安材料,有(紅色),2025-03-20,執行中,Immediate Measures to Increase American Mineral Production,Executive Order 14241 — Immediate Measures to Increase American Mineral Production,Executive Order 14241,+0.87%
UUUU,Energy Fuels Inc,關鍵礦物／國安材料,有(紅色),2025-03-20,執行中,Immediate Measures to Increase American Mineral Production,Executive Order 14241 — Immediate Measures to Increase American Mineral Production,Executive Order 14241,+168.46%
AA,Alcoa Corp,關鍵礦物／國安材料,沒有(灰色),未確認,未確認,未確認,未找到公司層級政策關聯證據,未確認正式政策關聯,N/A（事件日期未確認）
ATLX,Atlas Lithium Corporation,關鍵礦物／國安材料,沒有(灰色),未確認,未確認,未確認,未找到公司層級政策關聯證據,未確認正式政策關聯,N/A（事件日期未確認）
CC,Chemours Company,關鍵礦物／國安材料,沒有(灰色),未確認,未確認,未確認,未找到公司層級政策關聯證據,未確認正式政策關聯,N/A（事件日期未確認）
CDE,Coeur Mining Inc,關鍵礦物／國安材料,沒有(灰色),未確認,未確認,未確認,未找到公司層級政策關聯證據,未確認正式政策關聯,N/A（事件日期未確認）
CRS,Carpenter Technology Corp.,關鍵礦物／國安材料,沒有(灰色),未確認,未確認,未確認,未找到公司層級政策關聯證據,未確認正式政策關聯,N/A（事件日期未確認）
FCX,Freeport-McMoRan Inc,關鍵礦物／國安材料,沒有(灰色),未確認,未確認,未確認,未找到公司層級政策關聯證據,未確認正式政策關聯,N/A（事件日期未確認）
ICL,ICL Group Ltd,關鍵礦物／國安材料,沒有(灰色),未確認,未確認,未確認,未找到公司層級政策關聯證據,未確認正式政策關聯,N/A（事件日期未確認）
NEM,Newmont Corp,關鍵礦物／國安材料,沒有(灰色),未確認,未確認,未確認,未找到公司層級政策關聯證據,未確認正式政策關聯,N/A（事件日期未確認）
RIO,Rio Tinto plc,關鍵礦物／國安材料,沒有(灰色),未確認,未確認,未確認,未找到公司層級政策關聯證據,未確認正式政策關聯,N/A（事件日期未確認）
SCCO,Southern Copper Corporation,關鍵礦物／國安材料,沒有(灰色),未確認,未確認,未確認,未找到公司層級政策關聯證據,未確認正式政策關聯,N/A（事件日期未確認）
ASPI,ASP Isotopes Inc,核能／鈾／先進電力,有(紅色),2025-05-23,執行中,Reinvigorating the Nuclear Industrial Base,Executive Order 14302 — Reinvigorating the Nuclear Industrial Base,Executive Order 14302,-50.32%
BWXT,BWX Technologies Inc,核能／鈾／先進電力,有(紅色),2025-05-23,執行中,Reinvigorating the Nuclear Industrial Base,Executive Order 14302 — Reinvigorating the Nuclear Industrial Base,Executive Order 14302,+59.95%
CCJ,Cameco Corp.,核能／鈾／先進電力,有(紅色),2025-05-23,執行中,Reinvigorating the Nuclear Industrial Base,Executive Order 14302 — Reinvigorating the Nuclear Industrial Base,Executive Order 14302,+62.44%
CEG,Constellation Energy Corporation,核能／鈾／先進電力,有(紅色),2025-05-23,執行中,Reinvigorating the Nuclear Industrial Base,Executive Order 14302 — Reinvigorating the Nuclear Industrial Base,Executive Order 14302,-12.95%
DNN,Denison Mines Corp,核能／鈾／先進電力,有(紅色),2025-05-23,執行中,Reinvigorating the Nuclear Industrial Base,Executive Order 14302 — Reinvigorating the Nuclear Industrial Base,Executive Order 14302,+88.00%
EU,enCore Energy Corp,核能／鈾／先進電力,有(紅色),2025-05-23,執行中,Reinvigorating the Nuclear Industrial Base,Executive Order 14302 — Reinvigorating the Nuclear Industrial Base,Executive Order 14302,-28.13%
LEU,Centrus Energy Corp,核能／鈾／先進電力,有(紅色),2025-05-23,執行中,Reinvigorating the Nuclear Industrial Base,Executive Order 14302 — Reinvigorating the Nuclear Industrial Base,Executive Order 14302,+67.49%
LTBR,Lightbridge Corp,核能／鈾／先進電力,有(紅色),2025-05-23,執行中,Reinvigorating the Nuclear Industrial Base,Executive Order 14302 — Reinvigorating the Nuclear Industrial Base,Executive Order 14302,-31.71%
NNE,Nano Nuclear Energy Inc.,核能／鈾／先進電力,有(紅色),2025-05-23,執行中,Reinvigorating the Nuclear Industrial Base,Executive Order 14302 — Reinvigorating the Nuclear Industrial Base,Executive Order 14302,-41.86%
NXE,NexGen Energy Ltd,核能／鈾／先進電力,有(紅色),2025-05-23,執行中,Reinvigorating the Nuclear Industrial Base,Executive Order 14302 — Reinvigorating the Nuclear Industrial Base,Executive Order 14302,+61.76%
OKLO,Oklo Inc.,核能／鈾／先進電力,有(紅色),2025-05-23,執行中,Reinvigorating the Nuclear Industrial Base,Executive Order 14302 — Reinvigorating the Nuclear Industrial Base,Executive Order 14302,+3.50%
SMR,NuScale Power Corporation,核能／鈾／先進電力,有(紅色),2025-05-23,執行中,Reinvigorating the Nuclear Industrial Base,Executive Order 14302 — Reinvigorating the Nuclear Industrial Base,Executive Order 14302,-69.51%
UEC,Uranium Energy Corp,核能／鈾／先進電力,有(紅色),2025-05-23,執行中,Reinvigorating the Nuclear Industrial Base,Executive Order 14302 — Reinvigorating the Nuclear Industrial Base,Executive Order 14302,+79.84%
URG,Ur-Energy Inc.,核能／鈾／先進電力,有(紅色),2025-05-23,執行中,Reinvigorating the Nuclear Industrial Base,Executive Order 14302 — Reinvigorating the Nuclear Industrial Base,Executive Order 14302,+73.24%
UUUU,Energy Fuels Inc,核能／鈾／先進電力,有(紅色),2025-05-23,執行中,Reinvigorating the Nuclear Industrial Base,Executive Order 14302 — Reinvigorating the Nuclear Industrial Base,Executive Order 14302,+155.33%
D,Dominion Energy Inc,核能／鈾／先進電力,沒有(灰色),未確認,未確認,未確認,未找到公司層級政策關聯證據,未確認正式政策關聯,N/A（事件日期未確認）
EXC,Exelon Corp.,核能／鈾／先進電力,沒有(灰色),未確認,未確認,未確認,未找到公司層級政策關聯證據,未確認正式政策關聯,N/A（事件日期未確認）
NEE,NextEra Energy Inc,核能／鈾／先進電力,沒有(灰色),未確認,未確認,未確認,未找到公司層級政策關聯證據,未確認正式政策關聯,N/A（事件日期未確認）
SO,Southern Company,核能／鈾／先進電力,沒有(灰色),未確認,未確認,未確認,未找到公司層級政策關聯證據,未確認正式政策關聯,N/A（事件日期未確認）
VST,Vistra Corp,核能／鈾／先進電力,沒有(灰色),未確認,未確認,未確認,未找到公司層級政策關聯證據,未確認正式政策關聯,N/A（事件日期未確認）
IBM,International Business Machines Corp.,量子科技,有(紅色),2026-06-22,執行中,Ushering in the Next Frontier of Quantum Innovation,Executive Order 14413 — Ushering in the Next Frontier of Quantum Innovation,Executive Order 14413,-14.62%
INFQ,Infleqtion Inc.,量子科技,有(紅色),2026-06-22,執行中,Ushering in the Next Frontier of Quantum Innovation,Executive Order 14413 — Ushering in the Next Frontier of Quantum Innovation,Executive Order 14413,-32.82%
IONQ,IonQ Inc,量子科技,有(紅色),2026-06-22,執行中,Ushering in the Next Frontier of Quantum Innovation,Executive Order 14413 — Ushering in the Next Frontier of Quantum Innovation,Executive Order 14413,-38.50%
QBTS,D-Wave Quantum Inc,量子科技,有(紅色),2026-06-22,執行中,Ushering in the Next Frontier of Quantum Innovation,Executive Order 14413 — Ushering in the Next Frontier of Quantum Innovation,Executive Order 14413,-32.24%
RGTI,Rigetti Computing Inc,量子科技,有(紅色),2026-06-22,執行中,Ushering in the Next Frontier of Quantum Innovation,Executive Order 14413 — Ushering in the Next Frontier of Quantum Innovation,Executive Order 14413,-33.94%
ARQQ,Arqit Quantum Inc,量子科技,沒有(灰色),未確認,未確認,未確認,未找到公司層級政策關聯證據,未確認正式政策關聯,N/A（事件日期未確認）
LAES,SEALSQ Corp,量子科技,沒有(灰色),未確認,未確認,未確認,未找到公司層級政策關聯證據,未確認正式政策關聯,N/A（事件日期未確認）
QUBT,Quantum Computing Inc,量子科技,沒有(灰色),未確認,未確認,未確認,未找到公司層級政策關聯證據,未確認正式政策關聯,N/A（事件日期未確認）
CQP,Cheniere Energy Partners LP,傳統能源／LNG,有(紅色),2025-01-20,執行中,Unleashing American Energy,Executive Order 14154 — Unleashing American Energy,Executive Order 14154,+9.42%
DTM,DT Midstream Inc,傳統能源／LNG,有(紅色),2025-01-20,執行中,Unleashing American Energy,Executive Order 14154 — Unleashing American Energy,Executive Order 14154,+34.68%
ET,Energy Transfer LP,傳統能源／LNG,有(紅色),2025-01-20,執行中,Unleashing American Energy,Executive Order 14154 — Unleashing American Energy,Executive Order 14154,+11.76%
FLNG,Flex Lng Ltd,傳統能源／LNG,有(紅色),2025-01-20,執行中,Unleashing American Energy,Executive Order 14154 — Unleashing American Energy,Executive Order 14154,+49.73%
GLNG,Golar Lng,傳統能源／LNG,有(紅色),2025-01-20,執行中,Unleashing American Energy,Executive Order 14154 — Unleashing American Energy,Executive Order 14154,+23.15%
KMI,Kinder Morgan Inc,傳統能源／LNG,有(紅色),2025-01-20,執行中,Unleashing American Energy,Executive Order 14154 — Unleashing American Energy,Executive Order 14154,+13.38%
LNG,Cheniere Energy Inc.,傳統能源／LNG,有(紅色),2025-01-20,執行中,Unleashing American Energy,Executive Order 14154 — Unleashing American Energy,Executive Order 14154,+5.37%
NFE,New Fortress Energy Inc,傳統能源／LNG,有(紅色),2025-01-20,執行中,Unleashing American Energy,Executive Order 14154 — Unleashing American Energy,Executive Order 14154,-97.81%
OKE,Oneok Inc.,傳統能源／LNG,有(紅色),2025-01-20,執行中,Unleashing American Energy,Executive Order 14154 — Unleashing American Energy,Executive Order 14154,-7.32%
SRE,Sempra,傳統能源／LNG,有(紅色),2025-01-20,執行中,Unleashing American Energy,Executive Order 14154 — Unleashing American Energy,Executive Order 14154,+13.43%
TRGP,Targa Resources Corp,傳統能源／LNG,有(紅色),2025-01-20,執行中,Unleashing American Energy,Executive Order 14154 — Unleashing American Energy,Executive Order 14154,+35.40%
WMB,Williams Cos Inc,傳統能源／LNG,有(紅色),2025-01-20,執行中,Unleashing American Energy,Executive Order 14154 — Unleashing American Energy,Executive Order 14154,+30.25%
GEL,Genesis Energy L.P.,傳統能源／LNG,沒有(灰色),未確認,未確認,未確認,未找到公司層級政策關聯證據,未確認正式政策關聯,N/A（事件日期未確認）
GPP,Green Plains Partners LP,傳統能源／LNG,沒有(灰色),未確認,未確認,未確認,未找到公司層級政策關聯證據,未確認正式政策關聯,N/A（事件日期未確認）
MPLX,MPLX LP,傳統能源／LNG,沒有(灰色),未確認,未確認,未確認,未找到公司層級政策關聯證據,未確認正式政策關聯,N/A（事件日期未確認）
COP,Conoco Phillips,傳統能源／油氣,有(紅色),2025-01-20,執行中,Unleashing American Energy,Executive Order 14154 — Unleashing American Energy,Executive Order 14154,+13.83%
CQP,Cheniere Energy Partners LP,傳統能源／油氣,有(紅色),2025-01-20,執行中,Unleashing American Energy,Executive Order 14154 — Unleashing American Energy,Executive Order 14154,+9.42%
DTM,DT Midstream Inc,傳統能源／油氣,有(紅色),2025-01-20,執行中,Unleashing American Energy,Executive Order 14154 — Unleashing American Energy,Executive Order 14154,+34.68%
ET,Energy Transfer LP,傳統能源／油氣,有(紅色),2025-01-20,執行中,Unleashing American Energy,Executive Order 14154 — Unleashing American Energy,Executive Order 14154,+11.76%
FLNG,Flex Lng Ltd,傳統能源／油氣,有(紅色),2025-01-20,執行中,Unleashing American Energy,Executive Order 14154 — Unleashing American Energy,Executive Order 14154,+49.73%
GLNG,Golar Lng,傳統能源／油氣,有(紅色),2025-01-20,執行中,Unleashing American Energy,Executive Order 14154 — Unleashing American Energy,Executive Order 14154,+23.15%
KMI,Kinder Morgan Inc,傳統能源／油氣,有(紅色),2025-01-20,執行中,Unleashing American Energy,Executive Order 14154 — Unleashing American Energy,Executive Order 14154,+13.38%
LNG,Cheniere Energy Inc.,傳統能源／油氣,有(紅色),2025-01-20,執行中,Unleashing American Energy,Executive Order 14154 — Unleashing American Energy,Executive Order 14154,+5.37%
NFE,New Fortress Energy Inc,傳統能源／油氣,有(紅色),2025-01-20,執行中,Unleashing American Energy,Executive Order 14154 — Unleashing American Energy,Executive Order 14154,-97.81%
OKE,Oneok Inc.,傳統能源／油氣,有(紅色),2025-01-20,執行中,Unleashing American Energy,Executive Order 14154 — Unleashing American Energy,Executive Order 14154,-7.32%
SRE,Sempra,傳統能源／油氣,有(紅色),2025-01-20,執行中,Unleashing American Energy,Executive Order 14154 — Unleashing American Energy,Executive Order 14154,+13.43%
TRGP,Targa Resources Corp,傳統能源／油氣,有(紅色),2025-01-20,執行中,Unleashing American Energy,Executive Order 14154 — Unleashing American Energy,Executive Order 14154,+35.40%
WMB,Williams Cos Inc,傳統能源／油氣,有(紅色),2025-01-20,執行中,Unleashing American Energy,Executive Order 14154 — Unleashing American Energy,Executive Order 14154,+30.25%
APA,APA Corporation,傳統能源／油氣,沒有(灰色),未確認,未確認,未確認,未找到公司層級政策關聯證據,未確認正式政策關聯,N/A（事件日期未確認）
AR,Antero Resources Corp,傳統能源／油氣,沒有(灰色),未確認,未確認,未確認,未找到公司層級政策關聯證據,未確認正式政策關聯,N/A（事件日期未確認）
BKR,Baker Hughes Co,傳統能源／油氣,沒有(灰色),未確認,未確認,未確認,未找到公司層級政策關聯證據,未確認正式政策關聯,N/A（事件日期未確認）
CHRD,Chord Energy Corp,傳統能源／油氣,沒有(灰色),未確認,未確認,未確認,未找到公司層級政策關聯證據,未確認正式政策關聯,N/A（事件日期未確認）
CNX,CNX Resources Corp,傳統能源／油氣,沒有(灰色),未確認,未確認,未確認,未找到公司層級政策關聯證據,未確認正式政策關聯,N/A（事件日期未確認）
CRC,California Resources Corporation,傳統能源／油氣,沒有(灰色),未確認,未確認,未確認,未找到公司層級政策關聯證據,未確認正式政策關聯,N/A（事件日期未確認）
CTRA,Coterra Energy Inc,傳統能源／油氣,沒有(灰色),未確認,未確認,未確認,未找到公司層級政策關聯證據,未確認正式政策關聯,N/A（事件日期未確認）
CVX,Chevron Corp.,傳統能源／油氣,沒有(灰色),未確認,未確認,未確認,未找到公司層級政策關聯證據,未確認正式政策關聯,N/A（事件日期未確認）
DVN,Devon Energy Corp.,傳統能源／油氣,沒有(灰色),未確認,未確認,未確認,未找到公司層級政策關聯證據,未確認正式政策關聯,N/A（事件日期未確認）
EOG,"EOG Resources, Inc.",傳統能源／油氣,沒有(灰色),未確認,未確認,未確認,未找到公司層級政策關聯證據,未確認正式政策關聯,N/A（事件日期未確認）
EQT,EQT Corp,傳統能源／油氣,沒有(灰色),未確認,未確認,未確認,未找到公司層級政策關聯證據,未確認正式政策關聯,N/A（事件日期未確認）
EXE,Expand Energy Corp.,傳統能源／油氣,沒有(灰色),未確認,未確認,未確認,未找到公司層級政策關聯證據,未確認正式政策關聯,N/A（事件日期未確認）
FANG,Diamondback Energy Inc,傳統能源／油氣,沒有(灰色),未確認,未確認,未確認,未找到公司層級政策關聯證據,未確認正式政策關聯,N/A（事件日期未確認）
FTI,TechnipFMC plc,傳統能源／油氣,沒有(灰色),未確認,未確認,未確認,未找到公司層級政策關聯證據,未確認正式政策關聯,N/A（事件日期未確認）
HAL,Halliburton Co.,傳統能源／油氣,沒有(灰色),未確認,未確認,未確認,未找到公司層級政策關聯證據,未確認正式政策關聯,N/A（事件日期未確認）
HP,"Helmerich & Payne, Inc.",傳統能源／油氣,沒有(灰色),未確認,未確認,未確認,未找到公司層級政策關聯證據,未確認正式政策關聯,N/A（事件日期未確認）
LBRT,Liberty Energy Inc,傳統能源／油氣,沒有(灰色),未確認,未確認,未確認,未找到公司層級政策關聯證據,未確認正式政策關聯,N/A（事件日期未確認）
MGY,Magnolia Oil & Gas Corp,傳統能源／油氣,沒有(灰色),未確認,未確認,未確認,未找到公司層級政策關聯證據,未確認正式政策關聯,N/A（事件日期未確認）
MPC,Marathon Petroleum Corp,傳統能源／油氣,沒有(灰色),未確認,未確認,未確認,未找到公司層級政策關聯證據,未確認正式政策關聯,N/A（事件日期未確認）
MTDR,Matador Resources Co,傳統能源／油氣,沒有(灰色),未確認,未確認,未確認,未找到公司層級政策關聯證據,未確認正式政策關聯,N/A（事件日期未確認）
NBR,Nabors Industries Ltd,傳統能源／油氣,沒有(灰色),未確認,未確認,未確認,未找到公司層級政策關聯證據,未確認正式政策關聯,N/A（事件日期未確認）
NOV,NOV Inc,傳統能源／油氣,沒有(灰色),未確認,未確認,未確認,未找到公司層級政策關聯證據,未確認正式政策關聯,N/A（事件日期未確認）
OVV,Ovintiv Inc,傳統能源／油氣,沒有(灰色),未確認,未確認,未確認,未找到公司層級政策關聯證據,未確認正式政策關聯,N/A（事件日期未確認）
OXY,Occidental Petroleum Corp.,傳統能源／油氣,沒有(灰色),未確認,未確認,未確認,未找到公司層級政策關聯證據,未確認正式政策關聯,N/A（事件日期未確認）
PBF,PBF Energy Inc,傳統能源／油氣,沒有(灰色),未確認,未確認,未確認,未找到公司層級政策關聯證據,未確認正式政策關聯,N/A（事件日期未確認）
PR,Permian Resources Holdings Inc.,傳統能源／油氣,沒有(灰色),未確認,未確認,未確認,未找到公司層級政策關聯證據,未確認正式政策關聯,N/A（事件日期未確認）
PSX,Phillips 66,傳統能源／油氣,沒有(灰色),未確認,未確認,未確認,未找到公司層級政策關聯證據,未確認正式政策關聯,N/A（事件日期未確認）
PTEN,Patterson-UTI Energy Inc,傳統能源／油氣,沒有(灰色),未確認,未確認,未確認,未找到公司層級政策關聯證據,未確認正式政策關聯,N/A（事件日期未確認）
RIG,Transocean Ltd,傳統能源／油氣,沒有(灰色),未確認,未確認,未確認,未找到公司層級政策關聯證據,未確認正式政策關聯,N/A（事件日期未確認）
SLB,SLB Ltd.,傳統能源／油氣,沒有(灰色),未確認,未確認,未確認,未找到公司層級政策關聯證據,未確認正式政策關聯,N/A（事件日期未確認）
SM,SM Energy Co,傳統能源／油氣,沒有(灰色),未確認,未確認,未確認,未找到公司層級政策關聯證據,未確認正式政策關聯,N/A（事件日期未確認）
SUN,Sunoco LP,傳統能源／油氣,沒有(灰色),未確認,未確認,未確認,未找到公司層級政策關聯證據,未確認正式政策關聯,N/A（事件日期未確認）
VLO,Valero Energy Corp.,傳統能源／油氣,沒有(灰色),未確認,未確認,未確認,未找到公司層級政策關聯證據,未確認正式政策關聯,N/A（事件日期未確認）
VTLE,Vital Energy Inc.,傳統能源／油氣,沒有(灰色),未確認,未確認,未確認,未找到公司層級政策關聯證據,未確認正式政策關聯,N/A（事件日期未確認）
XOM,ExxonMobil Holdings Corp.,傳統能源／油氣,沒有(灰色),未確認,未確認,未確認,未找到公司層級政策關聯證據,未確認正式政策關聯,N/A（事件日期未確認）
AMR,Alpha Metallurgical Resources Inc,煤炭／冶金煤,有(紅色),2025-04-08,執行中,Reinvigorating America's Beautiful Clean Coal Industry and Amending Executive Order 14241,Executive Order 14261 — Reinvigorating America's Beautiful Clean Coal Industry and Amending Executive Order 14241,Executive Order 14261,+31.28%
ARLP,"Alliance Resource Partners, LP",煤炭／冶金煤,有(紅色),2025-04-08,執行中,Reinvigorating America's Beautiful Clean Coal Industry and Amending Executive Order 14241,Executive Order 14261 — Reinvigorating America's Beautiful Clean Coal Industry and Amending Executive Order 14241,Executive Order 14261,+11.84%
BTU,Peabody Energy Corp.,煤炭／冶金煤,有(紅色),2025-04-08,執行中,Reinvigorating America's Beautiful Clean Coal Industry and Amending Executive Order 14241,Executive Order 14261 — Reinvigorating America's Beautiful Clean Coal Industry and Amending Executive Order 14241,Executive Order 14261,+121.40%
CNR,Core Natural Resources Inc.,煤炭／冶金煤,有(紅色),2025-04-08,執行中,Reinvigorating America's Beautiful Clean Coal Industry and Amending Executive Order 14241,Executive Order 14261 — Reinvigorating America's Beautiful Clean Coal Industry and Amending Executive Order 14241,Executive Order 14261,+28.72%
HCC,Warrior Met Coal Inc,煤炭／冶金煤,有(紅色),2025-04-08,執行中,Reinvigorating America's Beautiful Clean Coal Industry and Amending Executive Order 14241,Executive Order 14261 — Reinvigorating America's Beautiful Clean Coal Industry and Amending Executive Order 14241,Executive Order 14261,+94.21%
METC,Ramaco Resources Inc,煤炭／冶金煤,有(紅色),2025-04-08,執行中,Reinvigorating America's Beautiful Clean Coal Industry and Amending Executive Order 14241,Executive Order 14261 — Reinvigorating America's Beautiful Clean Coal Industry and Amending Executive Order 14241,Executive Order 14261,+74.55%
NC,Nacco Industries Inc.,煤炭／冶金煤,有(紅色),2025-04-08,執行中,Reinvigorating America's Beautiful Clean Coal Industry and Amending Executive Order 14241,Executive Order 14261 — Reinvigorating America's Beautiful Clean Coal Industry and Amending Executive Order 14241,Executive Order 14261,+58.17%
NRP,Natural Resource Partners LP,煤炭／冶金煤,有(紅色),2025-04-08,執行中,Reinvigorating America's Beautiful Clean Coal Industry and Amending Executive Order 14241,Executive Order 14261 — Reinvigorating America's Beautiful Clean Coal Industry and Amending Executive Order 14241,Executive Order 14261,+12.19%
SXC,SunCoke Energy Inc,煤炭／冶金煤,有(紅色),2025-04-08,執行中,Reinvigorating America's Beautiful Clean Coal Industry and Amending Executive Order 14241,Executive Order 14261 — Reinvigorating America's Beautiful Clean Coal Industry and Amending Executive Order 14241,Executive Order 14261,+9.10%
TECK,Teck Resources Ltd,煤炭／冶金煤,沒有(灰色),未確認,未確認,未確認,未找到公司層級政策關聯證據,未確認正式政策關聯,N/A（事件日期未確認）
ABAT,American Battery Technology Company,EV／電池／回收,有(紅色),2025-04-29,已生效,Amendments to Adjusting Imports of Automobiles and Automobile Parts into the United States,Proclamation 10925 — Amendments to Adjusting Imports of Automobiles and Automobile Parts into the United States,Presidential Proclamation 10925（Section 232）,+105.22%
AMPX,Amprius Technologies Inc,EV／電池／回收,有(紅色),2025-04-29,已生效,Amendments to Adjusting Imports of Automobiles and Automobile Parts into the United States,Proclamation 10925 — Amendments to Adjusting Imports of Automobiles and Automobile Parts into the United States,Presidential Proclamation 10925（Section 232）,+300.00%
EVGO,EVgo Inc,EV／電池／回收,有(紅色),2025-04-29,已生效,Amendments to Adjusting Imports of Automobiles and Automobile Parts into the United States,Proclamation 10925 — Amendments to Adjusting Imports of Automobiles and Automobile Parts into the United States,Presidential Proclamation 10925（Section 232）,-40.43%
F,Ford Motor Co.,EV／電池／回收,有(紅色),2025-04-29,已生效,Amendments to Adjusting Imports of Automobiles and Automobile Parts into the United States,Proclamation 10925 — Amendments to Adjusting Imports of Automobiles and Automobile Parts into the United States,Presidential Proclamation 10925（Section 232）,+51.19%
GM,General Motors Company,EV／電池／回收,有(紅色),2025-04-29,已生效,Amendments to Adjusting Imports of Automobiles and Automobile Parts into the United States,Proclamation 10925 — Amendments to Adjusting Imports of Automobiles and Automobile Parts into the United States,Presidential Proclamation 10925（Section 232）,+63.02%
HMC,Honda Motor,EV／電池／回收,有(紅色),2025-04-29,已生效,Amendments to Adjusting Imports of Automobiles and Automobile Parts into the United States,Proclamation 10925 — Amendments to Adjusting Imports of Automobiles and Automobile Parts into the United States,Presidential Proclamation 10925（Section 232）,-7.70%
LCID,Lucid Group Inc,EV／電池／回收,有(紅色),2025-04-29,已生效,Amendments to Adjusting Imports of Automobiles and Automobile Parts into the United States,Proclamation 10925 — Amendments to Adjusting Imports of Automobiles and Automobile Parts into the United States,Presidential Proclamation 10925（Section 232）,-70.91%
RIVN,Rivian Automotive Inc,EV／電池／回收,有(紅色),2025-04-29,已生效,Amendments to Adjusting Imports of Automobiles and Automobile Parts into the United States,Proclamation 10925 — Amendments to Adjusting Imports of Automobiles and Automobile Parts into the United States,Presidential Proclamation 10925（Section 232）,+32.34%
STLA,Stellantis N.V,EV／電池／回收,有(紅色),2025-04-29,已生效,Amendments to Adjusting Imports of Automobiles and Automobile Parts into the United States,Proclamation 10925 — Amendments to Adjusting Imports of Automobiles and Automobile Parts into the United States,Presidential Proclamation 10925（Section 232）,-38.14%
TM,Toyota Motor Corporation,EV／電池／回收,有(紅色),2025-04-29,已生效,Amendments to Adjusting Imports of Automobiles and Automobile Parts into the United States,Proclamation 10925 — Amendments to Adjusting Imports of Automobiles and Automobile Parts into the United States,Presidential Proclamation 10925（Section 232）,-8.04%
TSLA,Tesla Inc,EV／電池／回收,有(紅色),2025-04-29,已生效,Amendments to Adjusting Imports of Automobiles and Automobile Parts into the United States,Proclamation 10925 — Amendments to Adjusting Imports of Automobiles and Automobile Parts into the United States,Presidential Proclamation 10925（Section 232）,+33.22%
ALB,Albemarle Corp.,EV／電池／回收,沒有(灰色),未確認,未確認,未確認,未找到公司層級政策關聯證據,未確認正式政策關聯,N/A（事件日期未確認）
BLNK,Blink Charging Co,EV／電池／回收,沒有(灰色),未確認,未確認,未確認,未找到公司層級政策關聯證據,未確認正式政策關聯,N/A（事件日期未確認）
CHPT,ChargePoint Holdings Inc,EV／電池／回收,沒有(灰色),未確認,未確認,未確認,未找到公司層級政策關聯證據,未確認正式政策關聯,N/A（事件日期未確認）
ENVX,Enovix Corporation,EV／電池／回收,沒有(灰色),未確認,未確認,未確認,未找到公司層級政策關聯證據,未確認正式政策關聯,N/A（事件日期未確認）
FREY,T1 Energy Inc.,EV／電池／回收,沒有(灰色),未確認,未確認,未確認,未找到公司層級政策關聯證據,未確認正式政策關聯,N/A（事件日期未確認）
LI,Li Auto Inc,EV／電池／回收,沒有(灰色),未確認,未確認,未確認,未找到公司層級政策關聯證據,未確認正式政策關聯,N/A（事件日期未確認）
MVST,Microvast Holdings Inc,EV／電池／回收,沒有(灰色),未確認,未確認,未確認,未找到公司層級政策關聯證據,未確認正式政策關聯,N/A（事件日期未確認）
NIO,NIO Inc,EV／電池／回收,沒有(灰色),未確認,未確認,未確認,未找到公司層級政策關聯證據,未確認正式政策關聯,N/A（事件日期未確認）
PLL,Piedmont Lithium Inc,EV／電池／回收,沒有(灰色),未確認,未確認,未確認,未找到公司層級政策關聯證據,未確認正式政策關聯,N/A（事件日期未確認）
QS,QuantumScape Corp,EV／電池／回收,沒有(灰色),未確認,未確認,未確認,未找到公司層級政策關聯證據,未確認正式政策關聯,N/A（事件日期未確認）
SLDP,Solid Power Inc,EV／電池／回收,沒有(灰色),未確認,未確認,未確認,未找到公司層級政策關聯證據,未確認正式政策關聯,N/A（事件日期未確認）
STEM,Stem Inc,EV／電池／回收,沒有(灰色),未確認,未確認,未確認,未找到公司層級政策關聯證據,未確認正式政策關聯,N/A（事件日期未確認）
XPEV,XPeng Inc,EV／電池／回收,沒有(灰色),未確認,未確認,未確認,未找到公司層級政策關聯證據,未確認正式政策關聯,N/A（事件日期未確認）
ALSN,Allison Transmission Holdings Inc,汽車／零組件／製造回流,有(紅色),2025-04-29,已生效,Amendments to Adjusting Imports of Automobiles and Automobile Parts into the United States,Proclamation 10925 — Amendments to Adjusting Imports of Automobiles and Automobile Parts into the United States,Presidential Proclamation 10925（Section 232）,+24.91%
BWA,BorgWarner Inc,汽車／零組件／製造回流,有(紅色),2025-04-29,已生效,Amendments to Adjusting Imports of Automobiles and Automobile Parts into the United States,Proclamation 10925 — Amendments to Adjusting Imports of Automobiles and Automobile Parts into the United States,Presidential Proclamation 10925（Section 232）,+124.33%
CLF,Cleveland-Cliffs Inc,汽車／零組件／製造回流,有(紅色),2025-04-29,已生效,Amendments to Adjusting Imports of Automobiles and Automobile Parts into the United States,Proclamation 10925 — Amendments to Adjusting Imports of Automobiles and Automobile Parts into the United States,Presidential Proclamation 10925（Section 232）,+13.59%
F,Ford Motor Co.,汽車／零組件／製造回流,有(紅色),2025-04-29,已生效,Amendments to Adjusting Imports of Automobiles and Automobile Parts into the United States,Proclamation 10925 — Amendments to Adjusting Imports of Automobiles and Automobile Parts into the United States,Presidential Proclamation 10925（Section 232）,+51.19%
GM,General Motors Company,汽車／零組件／製造回流,有(紅色),2025-04-29,已生效,Amendments to Adjusting Imports of Automobiles and Automobile Parts into the United States,Proclamation 10925 — Amendments to Adjusting Imports of Automobiles and Automobile Parts into the United States,Presidential Proclamation 10925（Section 232）,+63.02%
HMC,Honda Motor,汽車／零組件／製造回流,有(紅色),2025-04-29,已生效,Amendments to Adjusting Imports of Automobiles and Automobile Parts into the United States,Proclamation 10925 — Amendments to Adjusting Imports of Automobiles and Automobile Parts into the United States,Presidential Proclamation 10925（Section 232）,-7.70%
LCID,Lucid Group Inc,汽車／零組件／製造回流,有(紅色),2025-04-29,已生效,Amendments to Adjusting Imports of Automobiles and Automobile Parts into the United States,Proclamation 10925 — Amendments to Adjusting Imports of Automobiles and Automobile Parts into the United States,Presidential Proclamation 10925（Section 232）,-70.91%
OSK,Oshkosh Corp,汽車／零組件／製造回流,有(紅色),2025-04-29,已生效,Amendments to Adjusting Imports of Automobiles and Automobile Parts into the United States,Proclamation 10925 — Amendments to Adjusting Imports of Automobiles and Automobile Parts into the United States,Presidential Proclamation 10925（Section 232）,+65.08%
PCAR,Paccar Inc.,汽車／零組件／製造回流,有(紅色),2025-04-29,已生效,Amendments to Adjusting Imports of Automobiles and Automobile Parts into the United States,Proclamation 10925 — Amendments to Adjusting Imports of Automobiles and Automobile Parts into the United States,Presidential Proclamation 10925（Section 232）,+41.07%
RIVN,Rivian Automotive Inc,汽車／零組件／製造回流,有(紅色),2025-04-29,已生效,Amendments to Adjusting Imports of Automobiles and Automobile Parts into the United States,Proclamation 10925 — Amendments to Adjusting Imports of Automobiles and Automobile Parts into the United States,Presidential Proclamation 10925（Section 232）,+32.34%
STLA,Stellantis N.V,汽車／零組件／製造回流,有(紅色),2025-04-29,已生效,Amendments to Adjusting Imports of Automobiles and Automobile Parts into the United States,Proclamation 10925 — Amendments to Adjusting Imports of Automobiles and Automobile Parts into the United States,Presidential Proclamation 10925（Section 232）,-38.14%
TM,Toyota Motor Corporation,汽車／零組件／製造回流,有(紅色),2025-04-29,已生效,Amendments to Adjusting Imports of Automobiles and Automobile Parts into the United States,Proclamation 10925 — Amendments to Adjusting Imports of Automobiles and Automobile Parts into the United States,Presidential Proclamation 10925（Section 232）,-8.04%
TSLA,Tesla Inc,汽車／零組件／製造回流,有(紅色),2025-04-29,已生效,Amendments to Adjusting Imports of Automobiles and Automobile Parts into the United States,Proclamation 10925 — Amendments to Adjusting Imports of Automobiles and Automobile Parts into the United States,Presidential Proclamation 10925（Section 232）,+33.22%
ADNT,Adient plc,汽車／零組件／製造回流,沒有(灰色),未確認,未確認,未確認,未找到公司層級政策關聯證據,未確認正式政策關聯,N/A（事件日期未確認）
ALV,Autoliv Inc.,汽車／零組件／製造回流,沒有(灰色),未確認,未確認,未確認,未找到公司層級政策關聯證據,未確認正式政策關聯,N/A（事件日期未確認）
APTV,Aptiv PLC.,汽車／零組件／製造回流,沒有(灰色),未確認,未確認,未確認,未找到公司層級政策關聯證據,未確認正式政策關聯,N/A（事件日期未確認）
AXL,Dauch Corp.,汽車／零組件／製造回流,沒有(灰色),未確認,未確認,未確認,未找到公司層級政策關聯證據,未確認正式政策關聯,N/A（事件日期未確認）
AZO,Autozone Inc.,汽車／零組件／製造回流,沒有(灰色),未確認,未確認,未確認,未找到公司層級政策關聯證據,未確認正式政策關聯,N/A（事件日期未確認）
CAT,Caterpillar Inc.,汽車／零組件／製造回流,沒有(灰色),未確認,未確認,未確認,未找到公司層級政策關聯證據,未確認正式政策關聯,N/A（事件日期未確認）
CMI,Cummins Inc.,汽車／零組件／製造回流,沒有(灰色),未確認,未確認,未確認,未找到公司層級政策關聯證據,未確認正式政策關聯,N/A（事件日期未確認）
DAN,Dana Inc,汽車／零組件／製造回流,沒有(灰色),未確認,未確認,未確認,未找到公司層級政策關聯證據,未確認正式政策關聯,N/A（事件日期未確認）
DE,Deere & Co.,汽車／零組件／製造回流,沒有(灰色),未確認,未確認,未確認,未找到公司層級政策關聯證據,未確認正式政策關聯,N/A（事件日期未確認）
DORM,Dorman Products Inc,汽車／零組件／製造回流,沒有(灰色),未確認,未確認,未確認,未找到公司層級政策關聯證據,未確認正式政策關聯,N/A（事件日期未確認）
GNTX,Gentex Corp.,汽車／零組件／製造回流,沒有(灰色),未確認,未確認,未確認,未找到公司層級政策關聯證據,未確認正式政策關聯,N/A（事件日期未確認）
GPC,Genuine Parts Co.,汽車／零組件／製造回流,沒有(灰色),未確認,未確認,未確認,未找到公司層級政策關聯證據,未確認正式政策關聯,N/A（事件日期未確認）
GT,Goodyear Tire & Rubber Co.,汽車／零組件／製造回流,沒有(灰色),未確認,未確認,未確認,未找到公司層級政策關聯證據,未確認正式政策關聯,N/A（事件日期未確認）
HOG,"Harley-Davidson, Inc.",汽車／零組件／製造回流,沒有(灰色),未確認,未確認,未確認,未找到公司層級政策關聯證據,未確認正式政策關聯,N/A（事件日期未確認）
LEA,Lear Corp.,汽車／零組件／製造回流,沒有(灰色),未確認,未確認,未確認,未找到公司層級政策關聯證據,未確認正式政策關聯,N/A（事件日期未確認）
LKQ,LKQ Corp,汽車／零組件／製造回流,沒有(灰色),未確認,未確認,未確認,未找到公司層級政策關聯證據,未確認正式政策關聯,N/A（事件日期未確認）
MBLY,Mobileye Global Inc,汽車／零組件／製造回流,沒有(灰色),未確認,未確認,未確認,未找到公司層級政策關聯證據,未確認正式政策關聯,N/A（事件日期未確認）
MGA,Magna International Inc.,汽車／零組件／製造回流,沒有(灰色),未確認,未確認,未確認,未找到公司層級政策關聯證據,未確認正式政策關聯,N/A（事件日期未確認）
MOD,Modine Manufacturing Co.,汽車／零組件／製造回流,沒有(灰色),未確認,未確認,未確認,未找到公司層級政策關聯證據,未確認正式政策關聯,N/A（事件日期未確認）
ORLY,"O`Reilly Automotive, Inc.",汽車／零組件／製造回流,沒有(灰色),未確認,未確認,未確認,未找到公司層級政策關聯證據,未確認正式政策關聯,N/A（事件日期未確認）
TEX,Terex Corp.,汽車／零組件／製造回流,沒有(灰色),未確認,未確認,未確認,未找到公司層級政策關聯證據,未確認正式政策關聯,N/A（事件日期未確認）
THRM,Gentherm Inc,汽車／零組件／製造回流,沒有(灰色),未確認,未確認,未確認,未找到公司層級政策關聯證據,未確認正式政策關聯,N/A（事件日期未確認）
VC,Visteon Corp.,汽車／零組件／製造回流,沒有(灰色),未確認,未確認,未確認,未找到公司層級政策關聯證據,未確認正式政策關聯,N/A（事件日期未確認）
ABBV,Abbvie Inc,製藥／製造回流,有(紅色),2025-05-12,執行中,Delivering Most-Favored-Nation Prescription Drug Pricing to American Patients,Executive Order 14297 — Delivering Most-Favored-Nation Prescription Drug Pricing to American Patients,Executive Order 14297,+43.36%
ABT,Abbott Laboratories,製藥／製造回流,有(紅色),2025-05-12,執行中,Delivering Most-Favored-Nation Prescription Drug Pricing to American Patients,Executive Order 14297 — Delivering Most-Favored-Nation Prescription Drug Pricing to American Patients,Executive Order 14297,-22.34%
AMGN,AMGEN Inc.,製藥／製造回流,有(紅色),2025-05-12,執行中,Delivering Most-Favored-Nation Prescription Drug Pricing to American Patients,Executive Order 14297 — Delivering Most-Favored-Nation Prescription Drug Pricing to American Patients,Executive Order 14297,+43.17%
AZN,Astrazeneca plc,製藥／製造回流,有(紅色),2025-05-12,執行中,Delivering Most-Favored-Nation Prescription Drug Pricing to American Patients,Executive Order 14297 — Delivering Most-Favored-Nation Prescription Drug Pricing to American Patients,Executive Order 14297,+27.16%
BIIB,Biogen Inc,製藥／製造回流,有(紅色),2025-05-12,執行中,Delivering Most-Favored-Nation Prescription Drug Pricing to American Patients,Executive Order 14297 — Delivering Most-Favored-Nation Prescription Drug Pricing to American Patients,Executive Order 14297,+74.32%
BMY,Bristol-Myers Squibb Co.,製藥／製造回流,有(紅色),2025-05-12,執行中,Delivering Most-Favored-Nation Prescription Drug Pricing to American Patients,Executive Order 14297 — Delivering Most-Favored-Nation Prescription Drug Pricing to American Patients,Executive Order 14297,+38.85%
GILD,"Gilead Sciences, Inc.",製藥／製造回流,有(紅色),2025-05-12,執行中,Delivering Most-Favored-Nation Prescription Drug Pricing to American Patients,Executive Order 14297 — Delivering Most-Favored-Nation Prescription Drug Pricing to American Patients,Executive Order 14297,+43.18%
GSK,GSK Plc,製藥／製造回流,有(紅色),2025-05-12,執行中,Delivering Most-Favored-Nation Prescription Drug Pricing to American Patients,Executive Order 14297 — Delivering Most-Favored-Nation Prescription Drug Pricing to American Patients,Executive Order 14297,+48.33%
JNJ,Johnson & Johnson,製藥／製造回流,有(紅色),2025-05-12,執行中,Delivering Most-Favored-Nation Prescription Drug Pricing to American Patients,Executive Order 14297 — Delivering Most-Favored-Nation Prescription Drug Pricing to American Patients,Executive Order 14297,+69.62%
LLY,Lilly(Eli) & Co,製藥／製造回流,有(紅色),2025-05-12,執行中,Delivering Most-Favored-Nation Prescription Drug Pricing to American Patients,Executive Order 14297 — Delivering Most-Favored-Nation Prescription Drug Pricing to American Patients,Executive Order 14297,+61.98%
MRK,Merck & Co Inc,製藥／製造回流,有(紅色),2025-05-12,執行中,Delivering Most-Favored-Nation Prescription Drug Pricing to American Patients,Executive Order 14297 — Delivering Most-Favored-Nation Prescription Drug Pricing to American Patients,Executive Order 14297,+75.18%
NVO,Novo Nordisk,製藥／製造回流,有(紅色),2025-05-12,執行中,Delivering Most-Favored-Nation Prescription Drug Pricing to American Patients,Executive Order 14297 — Delivering Most-Favored-Nation Prescription Drug Pricing to American Patients,Executive Order 14297,-19.79%
NVS,Novartis AG,製藥／製造回流,有(紅色),2025-05-12,執行中,Delivering Most-Favored-Nation Prescription Drug Pricing to American Patients,Executive Order 14297 — Delivering Most-Favored-Nation Prescription Drug Pricing to American Patients,Executive Order 14297,+45.76%
PFE,Pfizer Inc.,製藥／製造回流,有(紅色),2025-05-12,執行中,Delivering Most-Favored-Nation Prescription Drug Pricing to American Patients,Executive Order 14297 — Delivering Most-Favored-Nation Prescription Drug Pricing to American Patients,Executive Order 14297,+20.29%
REGN,"Regeneron Pharmaceuticals, Inc.",製藥／製造回流,有(紅色),2025-05-12,執行中,Delivering Most-Favored-Nation Prescription Drug Pricing to American Patients,Executive Order 14297 — Delivering Most-Favored-Nation Prescription Drug Pricing to American Patients,Executive Order 14297,+29.11%
SNY,Sanofi,製藥／製造回流,有(紅色),2025-05-12,執行中,Delivering Most-Favored-Nation Prescription Drug Pricing to American Patients,Executive Order 14297 — Delivering Most-Favored-Nation Prescription Drug Pricing to American Patients,Executive Order 14297,-5.54%
TMO,Thermo Fisher Scientific Inc.,製藥／製造回流,有(紅色),2025-05-12,執行中,Delivering Most-Favored-Nation Prescription Drug Pricing to American Patients,Executive Order 14297 — Delivering Most-Favored-Nation Prescription Drug Pricing to American Patients,Executive Order 14297,+32.71%
BAX,Baxter International Inc.,製藥／製造回流,沒有(灰色),未確認,未確認,未確認,未找到公司層級政策關聯證據,未確認正式政策關聯,N/A（事件日期未確認）
BDX,Becton Dickinson & Co.,製藥／製造回流,沒有(灰色),未確認,未確認,未確認,未找到公司層級政策關聯證據,未確認正式政策關聯,N/A（事件日期未確認）
MRNA,Moderna Inc,製藥／製造回流,沒有(灰色),未確認,未確認,未確認,未找到公司層級政策關聯證據,未確認正式政策關聯,N/A（事件日期未確認）
TAK,Takeda Pharmaceutical Co,製藥／製造回流,沒有(灰色),未確認,未確認,未確認,未找到公司層級政策關聯證據,未確認正式政策關聯,N/A（事件日期未確認）
VRTX,"Vertex Pharmaceuticals, Inc.",製藥／製造回流,沒有(灰色),未確認,未確認,未確認,未找到公司層級政策關聯證據,未確認正式政策關聯,N/A（事件日期未確認）
ZTS,Zoetis Inc,製藥／製造回流,沒有(灰色),未確認,未確認,未確認,未找到公司層級政策關聯證據,未確認正式政策關聯,N/A（事件日期未確認）
AVAV,AeroVironment Inc.,無人機／反無人機,有(紅色),2025-06-06,執行中,Unleashing American Drone Dominance,Executive Order 14307 — Unleashing American Drone Dominance,Executive Order 14307,-23.79%
AXON,Axon Enterprise Inc,無人機／反無人機,有(紅色),2025-06-06,執行中,Unleashing American Drone Dominance,Executive Order 14307 — Unleashing American Drone Dominance,Executive Order 14307,-35.27%
DPRO,Draganfly Inc,無人機／反無人機,有(紅色),2025-06-06,執行中,Unleashing American Drone Dominance,Executive Order 14307 — Unleashing American Drone Dominance,Executive Order 14307,+72.43%
DRS,Leonardo DRS Inc.,無人機／反無人機,有(紅色),2025-06-06,執行中,Unleashing American Drone Dominance,Executive Order 14307 — Unleashing American Drone Dominance,Executive Order 14307,+0.30%
KTOS,Kratos Defense & Security Solutions Inc,無人機／反無人機,有(紅色),2025-06-06,執行中,Unleashing American Drone Dominance,Executive Order 14307 — Unleashing American Drone Dominance,Executive Order 14307,+14.05%
LHX,L3Harris Technologies Inc,無人機／反無人機,有(紅色),2025-06-06,執行中,Unleashing American Drone Dominance,Executive Order 14307 — Unleashing American Drone Dominance,Executive Order 14307,+18.39%
LMT,Lockheed Martin Corp.,無人機／反無人機,有(紅色),2025-06-06,執行中,Unleashing American Drone Dominance,Executive Order 14307 — Unleashing American Drone Dominance,Executive Order 14307,+9.30%
NOC,Northrop Grumman Corp.,無人機／反無人機,有(紅色),2025-06-06,執行中,Unleashing American Drone Dominance,Executive Order 14307 — Unleashing American Drone Dominance,Executive Order 14307,+8.53%
ONDS,Ondas Inc.,無人機／反無人機,有(紅色),2025-06-06,執行中,Unleashing American Drone Dominance,Executive Order 14307 — Unleashing American Drone Dominance,Executive Order 14307,+312.97%
PDYN,Palladyne AI Corp.,無人機／反無人機,有(紅色),2025-06-06,執行中,Unleashing American Drone Dominance,Executive Order 14307 — Unleashing American Drone Dominance,Executive Order 14307,-40.70%
PLTR,Palantir Technologies Inc,無人機／反無人機,有(紅色),2025-06-06,執行中,Unleashing American Drone Dominance,Executive Order 14307 — Unleashing American Drone Dominance,Executive Order 14307,+10.40%
RCAT,Red Cat Holdings Inc,無人機／反無人機,有(紅色),2025-06-06,執行中,Unleashing American Drone Dominance,Executive Order 14307 — Unleashing American Drone Dominance,Executive Order 14307,+4.37%
RTX,RTX Corp,無人機／反無人機,有(紅色),2025-06-06,執行中,Unleashing American Drone Dominance,Executive Order 14307 — Unleashing American Drone Dominance,Executive Order 14307,+41.36%
TXT,Textron Inc.,無人機／反無人機,有(紅色),2025-06-06,執行中,Unleashing American Drone Dominance,Executive Order 14307 — Unleashing American Drone Dominance,Executive Order 14307,+22.93%
UAVS,AgEagle Aerial Systems Inc.,無人機／反無人機,有(紅色),2025-06-06,執行中,Unleashing American Drone Dominance,Executive Order 14307 — Unleashing American Drone Dominance,Executive Order 14307,-31.13%
UMAC,Unusual Machines Inc,無人機／反無人機,有(紅色),2025-06-06,執行中,Unleashing American Drone Dominance,Executive Order 14307 — Unleashing American Drone Dominance,Executive Order 14307,+159.66%
CXW,CoreCivic Inc,邊境安全／拘留設施,有(紅色),2025-07-04,已生效,H.R.1 — An Act to provide for reconciliation pursuant to title II of H. Con. Res. 14,Public Law 119-21 — An Act to provide for reconciliation pursuant to title II of H. Con. Res. 14,Public Law 119-21,+41.37%
GEO,"Geo Group, Inc.",邊境安全／拘留設施,有(紅色),2025-07-04,已生效,H.R.1 — An Act to provide for reconciliation pursuant to title II of H. Con. Res. 14,Public Law 119-21 — An Act to provide for reconciliation pursuant to title II of H. Con. Res. 14,Public Law 119-21,+16.35%
OSIS,"OSI Systems, Inc.",邊境安全／拘留設施,有(紅色),2025-07-04,已生效,H.R.1 — An Act to provide for reconciliation pursuant to title II of H. Con. Res. 14,Public Law 119-21 — An Act to provide for reconciliation pursuant to title II of H. Con. Res. 14,Public Law 119-21,-8.54%
PLTR,Palantir Technologies Inc,邊境安全／拘留設施,有(紅色),2025-07-04,已生效,H.R.1 — An Act to provide for reconciliation pursuant to title II of H. Con. Res. 14,Public Law 119-21 — An Act to provide for reconciliation pursuant to title II of H. Con. Res. 14,Public Law 119-21,-1.47%
AXON,Axon Enterprise Inc,邊境安全／拘留設施,沒有(灰色),未確認,未確認,未確認,未找到公司層級政策關聯證據,未確認正式政策關聯,N/A（事件日期未確認）
BAH,Booz Allen Hamilton Holding Corp,邊境安全／拘留設施,沒有(灰色),未確認,未確認,未確認,未找到公司層級政策關聯證據,未確認正式政策關聯,N/A（事件日期未確認）
CACI,Caci International Inc.,邊境安全／拘留設施,沒有(灰色),未確認,未確認,未確認,未找到公司層級政策關聯證據,未確認正式政策關聯,N/A（事件日期未確認）
CDRE,Cadre Holdings Inc,邊境安全／拘留設施,沒有(灰色),未確認,未確認,未確認,未找到公司層級政策關聯證據,未確認正式政策關聯,N/A（事件日期未確認）
DRS,Leonardo DRS Inc.,邊境安全／拘留設施,沒有(灰色),未確認,未確認,未確認,未找到公司層級政策關聯證據,未確認正式政策關聯,N/A（事件日期未確認）
KTOS,Kratos Defense & Security Solutions Inc,邊境安全／拘留設施,沒有(灰色),未確認,未確認,未確認,未找到公司層級政策關聯證據,未確認正式政策關聯,N/A（事件日期未確認）
LDOS,Leidos Holdings Inc,邊境安全／拘留設施,沒有(灰色),未確認,未確認,未確認,未找到公司層級政策關聯證據,未確認正式政策關聯,N/A（事件日期未確認）
MRCY,Mercury Systems Inc,邊境安全／拘留設施,沒有(灰色),未確認,未確認,未確認,未找到公司層級政策關聯證據,未確認正式政策關聯,N/A（事件日期未確認）
PSN,Parsons Corp,邊境安全／拘留設施,沒有(灰色),未確認,未確認,未確認,未找到公司層級政策關聯證據,未確認正式政策關聯,N/A（事件日期未確認）
SAIC,Science Applications International Corp.,邊境安全／拘留設施,沒有(灰色),未確認,未確認,未確認,未找到公司層級政策關聯證據,未確認正式政策關聯,N/A（事件日期未確認）
BTGO,BitGo Holdings Inc.,數位資產／加密金融,有(紅色),2025-07-18,已生效,Guiding and Establishing National Innovation for U.S. Stablecoins Act（GENIUS Act）,Public Law 119-27 — Guiding and Establishing National Innovation for U.S. Stablecoins Act,Public Law 119-27,N/A（事件日尚未上市／無行情）
COIN,Coinbase Global Inc,數位資產／加密金融,有(紅色),2025-02-27,已生效,SEC Announces Dismissal of Civil Enforcement Action Against Coinbase,SEC Press Release 2025-47 — SEC Announces Dismissal of Civil Enforcement Action Against Coinbase,SEC Commission Regulatory Decision（Press Release 2025-47）,-26.22%
CRCL,Circle Internet Group Inc.,數位資產／加密金融,有(紅色),2025-07-18,已生效,Guiding and Establishing National Innovation for U.S. Stablecoins Act（GENIUS Act）,Public Law 119-27 — Guiding and Establishing National Innovation for U.S. Stablecoins Act,Public Law 119-27,-74.28%
HOOD,Robinhood Markets Inc,數位資產／加密金融,有(紅色),2025-07-18,已生效,Guiding and Establishing National Innovation for U.S. Stablecoins Act（GENIUS Act）,Public Law 119-27 — Guiding and Establishing National Innovation for U.S. Stablecoins Act,Public Law 119-27,-5.21%
PYPL,PayPal Holdings Inc,數位資產／加密金融,有(紅色),2025-07-18,已生效,Guiding and Establishing National Innovation for U.S. Stablecoins Act（GENIUS Act）,Public Law 119-27 — Guiding and Establishing National Innovation for U.S. Stablecoins Act,Public Law 119-27,-22.76%
SOFI,SoFi Technologies Inc,數位資產／加密金融,有(紅色),2025-03-07,執行中,OCC Letter Addressing Certain Crypto-Asset Activities,OCC Interpretive Letter 1183 — OCC Letter Addressing Certain Crypto-Asset Activities,OCC Interpretive Letter 1183,+38.80%
ABTC,American Bitcoin Corp.,數位資產／加密金融,沒有(灰色),未確認,未確認,未確認,未找到公司層級政策關聯證據,未確認正式政策關聯,N/A（事件日期未確認）
BITF,Keel Infrastructure Corp.,數位資產／加密金融,沒有(灰色),未確認,未確認,未確認,未找到公司層級政策關聯證據,未確認正式政策關聯,N/A（事件日期未確認）
BTDR,Bitdeer Technologies Group.,數位資產／加密金融,沒有(灰色),未確認,未確認,未確認,未找到公司層級政策關聯證據,未確認正式政策關聯,N/A（事件日期未確認）
CAN,Canaan Inc,數位資產／加密金融,沒有(灰色),未確認,未確認,未確認,未找到公司層級政策關聯證據,未確認正式政策關聯,N/A（事件日期未確認）
CIFR,Cipher Digital Inc.,數位資產／加密金融,沒有(灰色),未確認,未確認,未確認,未找到公司層級政策關聯證據,未確認正式政策關聯,N/A（事件日期未確認）
CLSK,Cleanspark Inc,數位資產／加密金融,沒有(灰色),未確認,未確認,未確認,未找到公司層級政策關聯證據,未確認正式政策關聯,N/A（事件日期未確認）
CME,CME Group Inc,數位資產／加密金融,沒有(灰色),未確認,未確認,未確認,未找到公司層級政策關聯證據,未確認正式政策關聯,N/A（事件日期未確認）
CORZ,Core Scientific Inc,數位資產／加密金融,沒有(灰色),未確認,未確認,未確認,未找到公司層級政策關聯證據,未確認正式政策關聯,N/A（事件日期未確認）
GLXY,Galaxy Digital Inc.,數位資產／加密金融,沒有(灰色),未確認,未確認,未確認,未找到公司層級政策關聯證據,未確認正式政策關聯,N/A（事件日期未確認）
HIVE,HIVE Digital Technologies Ltd.,數位資產／加密金融,沒有(灰色),未確認,未確認,未確認,未找到公司層級政策關聯證據,未確認正式政策關聯,N/A（事件日期未確認）
HUT,Hut 8 Corp,數位資產／加密金融,沒有(灰色),未確認,未確認,未確認,未找到公司層級政策關聯證據,未確認正式政策關聯,N/A（事件日期未確認）
IBKR,Interactive Brokers Group Inc,數位資產／加密金融,沒有(灰色),未確認,未確認,未確認,未找到公司層級政策關聯證據,未確認正式政策關聯,N/A（事件日期未確認）
IREN,IREN Ltd.,數位資產／加密金融,沒有(灰色),未確認,未確認,未確認,未找到公司層級政策關聯證據,未確認正式政策關聯,N/A（事件日期未確認）
MARA,"MARATHON DIGITAL HOLDINGS, INC.",數位資產／加密金融,沒有(灰色),未確認,未確認,未確認,未找到公司層級政策關聯證據,未確認正式政策關聯,N/A（事件日期未確認）
MSTR,Strategy Inc.,數位資產／加密金融,沒有(灰色),未確認,未確認,未確認,未找到公司層級政策關聯證據,未確認正式政策關聯,N/A（事件日期未確認）
NDAQ,Nasdaq Inc,數位資產／加密金融,沒有(灰色),未確認,未確認,未確認,未找到公司層級政策關聯證據,未確認正式政策關聯,N/A（事件日期未確認）
RIOT,Riot Platforms Inc,數位資產／加密金融,沒有(灰色),未確認,未確認,未確認,未找到公司層級政策關聯證據,未確認正式政策關聯,N/A（事件日期未確認）
WULF,TeraWulf Inc,數位資產／加密金融,沒有(灰色),未確認,未確認,未確認,未找到公司層級政策關聯證據,未確認正式政策關聯,N/A（事件日期未確認）
XYZ,Block Inc,數位資產／加密金融,沒有(灰色),未確認,未確認,未確認,未找到公司層級政策關聯證據,未確認正式政策關聯,N/A（事件日期未確認）
ACN,Accenture plc,資安／聯邦 IT 現代化,有(紅色),2025-06-06,執行中,Sustaining Select Efforts to Strengthen the Nation's Cybersecurity and Amending Executive Order 13694 and Executive Order 14144,Executive Order 14306 — Sustaining Select Efforts to Strengthen the Nation's Cybersecurity and Amending Executive Order 13694 and Executive Order 14144,Executive Order 14306,-53.31%
AMZN,Amazon.com Inc.,資安／聯邦 IT 現代化,有(紅色),2025-06-06,執行中,Sustaining Select Efforts to Strengthen the Nation's Cybersecurity and Amending Executive Order 13694 and Executive Order 14144,Executive Order 14306 — Sustaining Select Efforts to Strengthen the Nation's Cybersecurity and Amending Executive Order 13694 and Executive Order 14144,Executive Order 14306,+18.91%
BAH,Booz Allen Hamilton Holding Corp,資安／聯邦 IT 現代化,有(紅色),2025-06-06,執行中,Sustaining Select Efforts to Strengthen the Nation's Cybersecurity and Amending Executive Order 13694 and Executive Order 14144,Executive Order 14306 — Sustaining Select Efforts to Strengthen the Nation's Cybersecurity and Amending Executive Order 13694 and Executive Order 14144,Executive Order 14306,-34.08%
CACI,Caci International Inc.,資安／聯邦 IT 現代化,有(紅色),2025-06-06,執行中,Sustaining Select Efforts to Strengthen the Nation's Cybersecurity and Amending Executive Order 13694 and Executive Order 14144,Executive Order 14306 — Sustaining Select Efforts to Strengthen the Nation's Cybersecurity and Amending Executive Order 13694 and Executive Order 14144,Executive Order 14306,+6.78%
CRWD,Crowdstrike Holdings Inc,資安／聯邦 IT 現代化,有(紅色),2025-06-06,執行中,Sustaining Select Efforts to Strengthen the Nation's Cybersecurity and Amending Executive Order 13694 and Executive Order 14144,Executive Order 14306 — Sustaining Select Efforts to Strengthen the Nation's Cybersecurity and Amending Executive Order 13694 and Executive Order 14144,Executive Order 14306,+75.47%
GIB,CGI Inc,資安／聯邦 IT 現代化,有(紅色),2025-06-06,執行中,Sustaining Select Efforts to Strengthen the Nation's Cybersecurity and Amending Executive Order 13694 and Executive Order 14144,Executive Order 14306 — Sustaining Select Efforts to Strengthen the Nation's Cybersecurity and Amending Executive Order 13694 and Executive Order 14144,Executive Order 14306,-36.41%
GOOGL,Alphabet Inc,資安／聯邦 IT 現代化,有(紅色),2025-06-06,執行中,Sustaining Select Efforts to Strengthen the Nation's Cybersecurity and Amending Executive Order 13694 and Executive Order 14144,Executive Order 14306 — Sustaining Select Efforts to Strengthen the Nation's Cybersecurity and Amending Executive Order 13694 and Executive Order 14144,Executive Order 14306,+106.99%
IBM,International Business Machines Corp.,資安／聯邦 IT 現代化,有(紅色),2025-06-06,執行中,Sustaining Select Efforts to Strengthen the Nation's Cybersecurity and Amending Executive Order 13694 and Executive Order 14144,Executive Order 14306 — Sustaining Select Efforts to Strengthen the Nation's Cybersecurity and Amending Executive Order 13694 and Executive Order 14144,Executive Order 14306,-18.27%
LDOS,Leidos Holdings Inc,資安／聯邦 IT 現代化,有(紅色),2025-06-06,執行中,Sustaining Select Efforts to Strengthen the Nation's Cybersecurity and Amending Executive Order 13694 and Executive Order 14144,Executive Order 14306 — Sustaining Select Efforts to Strengthen the Nation's Cybersecurity and Amending Executive Order 13694 and Executive Order 14144,Executive Order 14306,-25.78%
MSFT,Microsoft Corporation,資安／聯邦 IT 現代化,有(紅色),2025-06-06,執行中,Sustaining Select Efforts to Strengthen the Nation's Cybersecurity and Amending Executive Order 13694 and Executive Order 14144,Executive Order 14306 — Sustaining Select Efforts to Strengthen the Nation's Cybersecurity and Amending Executive Order 13694 and Executive Order 14144,Executive Order 14306,-15.12%
ORCL,Oracle Corp.,資安／聯邦 IT 現代化,有(紅色),2025-06-06,執行中,Sustaining Select Efforts to Strengthen the Nation's Cybersecurity and Amending Executive Order 13694 and Executive Order 14144,Executive Order 14306 — Sustaining Select Efforts to Strengthen the Nation's Cybersecurity and Amending Executive Order 13694 and Executive Order 14144,Executive Order 14306,-25.14%
PLTR,Palantir Technologies Inc,資安／聯邦 IT 現代化,有(紅色),2025-06-06,執行中,Sustaining Select Efforts to Strengthen the Nation's Cybersecurity and Amending Executive Order 13694 and Executive Order 14144,Executive Order 14306 — Sustaining Select Efforts to Strengthen the Nation's Cybersecurity and Amending Executive Order 13694 and Executive Order 14144,Executive Order 14306,+10.40%
PSN,Parsons Corp,資安／聯邦 IT 現代化,有(紅色),2025-06-06,執行中,Sustaining Select Efforts to Strengthen the Nation's Cybersecurity and Amending Executive Order 13694 and Executive Order 14144,Executive Order 14306 — Sustaining Select Efforts to Strengthen the Nation's Cybersecurity and Amending Executive Order 13694 and Executive Order 14144,Executive Order 14306,-17.67%
SAIC,Science Applications International Corp.,資安／聯邦 IT 現代化,有(紅色),2025-06-06,執行中,Sustaining Select Efforts to Strengthen the Nation's Cybersecurity and Amending Executive Order 13694 and Executive Order 14144,Executive Order 14306 — Sustaining Select Efforts to Strengthen the Nation's Cybersecurity and Amending Executive Order 13694 and Executive Order 14144,Executive Order 14306,+14.72%
VVX,V2X Inc,資安／聯邦 IT 現代化,有(紅色),2025-06-06,執行中,Sustaining Select Efforts to Strengthen the Nation's Cybersecurity and Amending Executive Order 13694 and Executive Order 14144,Executive Order 14306 — Sustaining Select Efforts to Strengthen the Nation's Cybersecurity and Amending Executive Order 13694 and Executive Order 14144,Executive Order 14306,+69.95%
ATEN,A10 Networks Inc,資安／聯邦 IT 現代化,沒有(灰色),未確認,未確認,未確認,未找到公司層級政策關聯證據,未確認正式政策關聯,N/A（事件日期未確認）
CHKP,Check Point Software Technologies Ltd.,資安／聯邦 IT 現代化,沒有(灰色),未確認,未確認,未確認,未找到公司層級政策關聯證據,未確認正式政策關聯,N/A（事件日期未確認）
CYBR,CyberArk Software Ltd,資安／聯邦 IT 現代化,沒有(灰色),未確認,未確認,未確認,未找到公司層級政策關聯證據,未確認正式政策關聯,N/A（事件日期未確認）
FTNT,Fortinet Inc,資安／聯邦 IT 現代化,沒有(灰色),未確認,未確認,未確認,未找到公司層級政策關聯證據,未確認正式政策關聯,N/A（事件日期未確認）
GEN,Gen Digital Inc,資安／聯邦 IT 現代化,沒有(灰色),未確認,未確認,未確認,未找到公司層級政策關聯證據,未確認正式政策關聯,N/A（事件日期未確認）
NET,Cloudflare Inc,資安／聯邦 IT 現代化,沒有(灰色),未確認,未確認,未確認,未找到公司層級政策關聯證據,未確認正式政策關聯,N/A（事件日期未確認）
OKTA,Okta Inc,資安／聯邦 IT 現代化,沒有(灰色),未確認,未確認,未確認,未找到公司層級政策關聯證據,未確認正式政策關聯,N/A（事件日期未確認）
PANW,Palo Alto Networks Inc,資安／聯邦 IT 現代化,沒有(灰色),未確認,未確認,未確認,未找到公司層級政策關聯證據,未確認正式政策關聯,N/A（事件日期未確認）
QLYS,Qualys Inc,資安／聯邦 IT 現代化,沒有(灰色),未確認,未確認,未確認,未找到公司層級政策關聯證據,未確認正式政策關聯,N/A（事件日期未確認）
RBRK,Rubrik Inc.,資安／聯邦 IT 現代化,沒有(灰色),未確認,未確認,未確認,未找到公司層級政策關聯證據,未確認正式政策關聯,N/A（事件日期未確認）
RDWR,Radware,資安／聯邦 IT 現代化,沒有(灰色),未確認,未確認,未確認,未找到公司層級政策關聯證據,未確認正式政策關聯,N/A（事件日期未確認）
S,SentinelOne Inc,資安／聯邦 IT 現代化,沒有(灰色),未確認,未確認,未確認,未找到公司層級政策關聯證據,未確認正式政策關聯,N/A（事件日期未確認）
TENB,Tenable Holdings Inc,資安／聯邦 IT 現代化,沒有(灰色),未確認,未確認,未確認,未找到公司層級政策關聯證據,未確認正式政策關聯,N/A（事件日期未確認）
VRNS,Varonis Systems Inc,資安／聯邦 IT 現代化,沒有(灰色),未確認,未確認,未確認,未找到公司層級政策關聯證據,未確認正式政策關聯,N/A（事件日期未確認）
ZS,Zscaler Inc,資安／聯邦 IT 現代化,沒有(灰色),未確認,未確認,未確認,未找到公司層級政策關聯證據,未確認正式政策關聯,N/A（事件日期未確認）
BCC,Boise Cascade Co,林木／木材／建材,有(紅色),2025-09-29,已生效,"Adjusting Imports of Timber, Lumber, and Their Derivative Products into the United States","Proclamation 10976 — Adjusting Imports of Timber, Lumber, and Their Derivative Products into the United States",Presidential Proclamation 10976（Section 232）,+0.93%
LPX,Louisiana-Pacific Corp.,林木／木材／建材,有(紅色),2025-09-29,已生效,"Adjusting Imports of Timber, Lumber, and Their Derivative Products into the United States","Proclamation 10976 — Adjusting Imports of Timber, Lumber, and Their Derivative Products into the United States",Presidential Proclamation 10976（Section 232）,-11.66%
RYN,Rayonier Inc.,林木／木材／建材,有(紅色),2025-09-29,已生效,"Adjusting Imports of Timber, Lumber, and Their Derivative Products into the United States","Proclamation 10976 — Adjusting Imports of Timber, Lumber, and Their Derivative Products into the United States",Presidential Proclamation 10976（Section 232）,-9.25%
UFPI,UFP Industries Inc,林木／木材／建材,有(紅色),2025-09-29,已生效,"Adjusting Imports of Timber, Lumber, and Their Derivative Products into the United States","Proclamation 10976 — Adjusting Imports of Timber, Lumber, and Their Derivative Products into the United States",Presidential Proclamation 10976（Section 232）,-5.73%
WY,Weyerhaeuser Co.,林木／木材／建材,有(紅色),2025-09-29,已生效,"Adjusting Imports of Timber, Lumber, and Their Derivative Products into the United States","Proclamation 10976 — Adjusting Imports of Timber, Lumber, and Their Derivative Products into the United States",Presidential Proclamation 10976（Section 232）,+2.49%
BLDR,Builders Firstsource Inc,林木／木材／建材,沒有(灰色),未確認,未確認,未確認,未找到公司層級政策關聯證據,未確認正式政策關聯,N/A（事件日期未確認）
RYAM,Rayonier Advanced Materials Inc,林木／木材／建材,沒有(灰色),未確認,未確認,未確認,未找到公司層級政策關聯證據,未確認正式政策關聯,N/A（事件日期未確認）
WFG,West Fraser Timber Co Ltd,林木／木材／建材,沒有(灰色),未確認,未確認,未確認,未找到公司層級政策關聯證據,未確認正式政策關聯,N/A（事件日期未確認）
BWXT,BWX Technologies Inc,造船／海運／海事工業,有(紅色),2025-04-09,執行中,Restoring America's Maritime Dominance,Executive Order 14269 — Restoring America's Maritime Dominance,Executive Order 14269,+85.18%
GD,General Dynamics Corp.,造船／海運／海事工業,有(紅色),2025-04-09,執行中,Restoring America's Maritime Dominance,Executive Order 14269 — Restoring America's Maritime Dominance,Executive Order 14269,+49.02%
HII,Huntington Ingalls Industries Inc,造船／海運／海事工業,有(紅色),2025-04-09,執行中,Restoring America's Maritime Dominance,Executive Order 14269 — Restoring America's Maritime Dominance,Executive Order 14269,+46.81%
KEX,Kirby Corp.,造船／海運／海事工業,有(紅色),2025-04-09,執行中,Restoring America's Maritime Dominance,Executive Order 14269 — Restoring America's Maritime Dominance,Executive Order 14269,+65.09%
MATX,Matson Inc,造船／海運／海事工業,有(紅色),2025-04-09,執行中,Restoring America's Maritime Dominance,Executive Order 14269 — Restoring America's Maritime Dominance,Executive Order 14269,+119.06%
CMRE,Costamare Inc,造船／海運／海事工業,沒有(灰色),未確認,未確認,未確認,未找到公司層級政策關聯證據,未確認正式政策關聯,N/A（事件日期未確認）
DAC,Danaos Corporation,造船／海運／海事工業,沒有(灰色),未確認,未確認,未確認,未找到公司層級政策關聯證據,未確認正式政策關聯,N/A（事件日期未確認）
DHT,DHT Holdings Inc,造船／海運／海事工業,沒有(灰色),未確認,未確認,未確認,未找到公司層級政策關聯證據,未確認正式政策關聯,N/A（事件日期未確認）
DSX,Diana Shipping Inc,造船／海運／海事工業,沒有(灰色),未確認,未確認,未確認,未找到公司層級政策關聯證據,未確認正式政策關聯,N/A（事件日期未確認）
FLNG,Flex Lng Ltd,造船／海運／海事工業,沒有(灰色),未確認,未確認,未確認,未找到公司層級政策關聯證據,未確認正式政策關聯,N/A（事件日期未確認）
GLNG,Golar Lng,造船／海運／海事工業,沒有(灰色),未確認,未確認,未確認,未找到公司層級政策關聯證據,未確認正式政策關聯,N/A（事件日期未確認）
GNK,Genco Shipping & Trading Limited,造船／海運／海事工業,沒有(灰色),未確認,未確認,未確認,未找到公司層級政策關聯證據,未確認正式政策關聯,N/A（事件日期未確認）
GSL,Global Ship Lease Inc,造船／海運／海事工業,沒有(灰色),未確認,未確認,未確認,未找到公司層級政策關聯證據,未確認正式政策關聯,N/A（事件日期未確認）
INSW,International Seaways Inc,造船／海運／海事工業,沒有(灰色),未確認,未確認,未確認,未找到公司層級政策關聯證據,未確認正式政策關聯,N/A（事件日期未確認）
LPG,Dorian LPG Ltd,造船／海運／海事工業,沒有(灰色),未確認,未確認,未確認,未找到公司層級政策關聯證據,未確認正式政策關聯,N/A（事件日期未確認）
NMM,Navios Maritime Partners L.P.,造船／海運／海事工業,沒有(灰色),未確認,未確認,未確認,未找到公司層級政策關聯證據,未確認正式政策關聯,N/A（事件日期未確認）
SBLK,Star Bulk Carriers Corp,造船／海運／海事工業,沒有(灰色),未確認,未確認,未確認,未找到公司層級政策關聯證據,未確認正式政策關聯,N/A（事件日期未確認）
STNG,Scorpio Tankers Inc,造船／海運／海事工業,沒有(灰色),未確認,未確認,未確認,未找到公司層級政策關聯證據,未確認正式政策關聯,N/A（事件日期未確認）
ZIM,Zim Integrated Shipping Services Ltd,造船／海運／海事工業,沒有(灰色),未確認,未確認,未確認,未找到公司層級政策關聯證據,未確認正式政策關聯,N/A（事件日期未確認）
BCC,Boise Cascade Co,住宅建築／建材,有(紅色),2025-09-29,已生效,"Adjusting Imports of Timber, Lumber, and Their Derivative Products into the United States","Proclamation 10976 — Adjusting Imports of Timber, Lumber, and Their Derivative Products into the United States",Presidential Proclamation 10976（Section 232）,+0.93%
LPX,Louisiana-Pacific Corp.,住宅建築／建材,有(紅色),2025-09-29,已生效,"Adjusting Imports of Timber, Lumber, and Their Derivative Products into the United States","Proclamation 10976 — Adjusting Imports of Timber, Lumber, and Their Derivative Products into the United States",Presidential Proclamation 10976（Section 232）,-11.66%
RYN,Rayonier Inc.,住宅建築／建材,有(紅色),2025-09-29,已生效,"Adjusting Imports of Timber, Lumber, and Their Derivative Products into the United States","Proclamation 10976 — Adjusting Imports of Timber, Lumber, and Their Derivative Products into the United States",Presidential Proclamation 10976（Section 232）,-9.25%
UFPI,UFP Industries Inc,住宅建築／建材,有(紅色),2025-09-29,已生效,"Adjusting Imports of Timber, Lumber, and Their Derivative Products into the United States","Proclamation 10976 — Adjusting Imports of Timber, Lumber, and Their Derivative Products into the United States",Presidential Proclamation 10976（Section 232）,-5.73%
WY,Weyerhaeuser Co.,住宅建築／建材,有(紅色),2025-09-29,已生效,"Adjusting Imports of Timber, Lumber, and Their Derivative Products into the United States","Proclamation 10976 — Adjusting Imports of Timber, Lumber, and Their Derivative Products into the United States",Presidential Proclamation 10976（Section 232）,+2.49%
APOG,Apogee Enterprises Inc.,住宅建築／建材,沒有(灰色),未確認,未確認,未確認,未找到公司層級政策關聯證據,未確認正式政策關聯,N/A（事件日期未確認）
BLDR,Builders Firstsource Inc,住宅建築／建材,沒有(灰色),未確認,未確認,未確認,未找到公司層級政策關聯證據,未確認正式政策關聯,N/A（事件日期未確認）
BZH,Beazer Homes USA Inc.,住宅建築／建材,沒有(灰色),未確認,未確認,未確認,未找到公司層級政策關聯證據,未確認正式政策關聯,N/A（事件日期未確認）
CCS,Century Communities Inc,住宅建築／建材,沒有(灰色),未確認,未確認,未確認,未找到公司層級政策關聯證據,未確認正式政策關聯,N/A（事件日期未確認）
CVCO,Cavco Industries Inc,住宅建築／建材,沒有(灰色),未確認,未確認,未確認,未找到公司層級政策關聯證據,未確認正式政策關聯,N/A（事件日期未確認）
DFH,Dream Finders Homes Inc,住宅建築／建材,沒有(灰色),未確認,未確認,未確認,未找到公司層級政策關聯證據,未確認正式政策關聯,N/A（事件日期未確認）
DHI,D.R. Horton Inc.,住宅建築／建材,沒有(灰色),未確認,未確認,未確認,未找到公司層級政策關聯證據,未確認正式政策關聯,N/A（事件日期未確認）
EXP,Eagle Materials Inc.,住宅建築／建材,沒有(灰色),未確認,未確認,未確認,未找到公司層級政策關聯證據,未確認正式政策關聯,N/A（事件日期未確認）
FBIN,Fortune Brands Innovations Inc,住宅建築／建材,沒有(灰色),未確認,未確認,未確認,未找到公司層級政策關聯證據,未確認正式政策關聯,N/A（事件日期未確認）
GRBK,Green Brick Partners Inc,住宅建築／建材,沒有(灰色),未確認,未確認,未確認,未找到公司層級政策關聯證據,未確認正式政策關聯,N/A（事件日期未確認）
HOV,"Hovnanian Enterprises, Inc.",住宅建築／建材,沒有(灰色),未確認,未確認,未確認,未找到公司層級政策關聯證據,未確認正式政策關聯,N/A（事件日期未確認）
IBP,Installed Building Products Inc,住宅建築／建材,沒有(灰色),未確認,未確認,未確認,未找到公司層級政策關聯證據,未確認正式政策關聯,N/A（事件日期未確認）
JHX,James Hardie Industries plc,住宅建築／建材,沒有(灰色),未確認,未確認,未確認,未找到公司層級政策關聯證據,未確認正式政策關聯,N/A（事件日期未確認）
KBH,KB Home,住宅建築／建材,沒有(灰色),未確認,未確認,未確認,未找到公司層級政策關聯證據,未確認正式政策關聯,N/A（事件日期未確認）
LEN,Lennar Corp.,住宅建築／建材,沒有(灰色),未確認,未確認,未確認,未找到公司層級政策關聯證據,未確認正式政策關聯,N/A（事件日期未確認）
LGIH,LGI Homes Inc,住宅建築／建材,沒有(灰色),未確認,未確認,未確認,未找到公司層級政策關聯證據,未確認正式政策關聯,N/A（事件日期未確認）
MAS,Masco Corp.,住宅建築／建材,沒有(灰色),未確認,未確認,未確認,未找到公司層級政策關聯證據,未確認正式政策關聯,N/A（事件日期未確認）
MHO,MI Homes Inc.,住宅建築／建材,沒有(灰色),未確認,未確認,未確認,未找到公司層級政策關聯證據,未確認正式政策關聯,N/A（事件日期未確認）
MLM,"Martin Marietta Materials, Inc.",住宅建築／建材,沒有(灰色),未確認,未確認,未確認,未找到公司層級政策關聯證據,未確認正式政策關聯,N/A（事件日期未確認）
MTH,Meritage Homes Corp.,住宅建築／建材,沒有(灰色),未確認,未確認,未確認,未找到公司層級政策關聯證據,未確認正式政策關聯,N/A（事件日期未確認）
NVR,NVR Inc.,住宅建築／建材,沒有(灰色),未確認,未確認,未確認,未找到公司層級政策關聯證據,未確認正式政策關聯,N/A（事件日期未確認）
OC,Owens Corning,住宅建築／建材,沒有(灰色),未確認,未確認,未確認,未找到公司層級政策關聯證據,未確認正式政策關聯,N/A（事件日期未確認）
PHM,PulteGroup Inc,住宅建築／建材,沒有(灰色),未確認,未確認,未確認,未找到公司層級政策關聯證據,未確認正式政策關聯,N/A（事件日期未確認）
ROCK,Gibraltar Industries Inc.,住宅建築／建材,沒有(灰色),未確認,未確認,未確認,未找到公司層級政策關聯證據,未確認正式政策關聯,N/A（事件日期未確認）
SKY,Champion Homes Inc.,住宅建築／建材,沒有(灰色),未確認,未確認,未確認,未找到公司層級政策關聯證據,未確認正式政策關聯,N/A（事件日期未確認）
SSD,"Simpson Manufacturing Co., Inc.",住宅建築／建材,沒有(灰色),未確認,未確認,未確認,未找到公司層級政策關聯證據,未確認正式政策關聯,N/A（事件日期未確認）
TMHC,Taylor Morrison Home Corp.,住宅建築／建材,沒有(灰色),未確認,未確認,未確認,未找到公司層級政策關聯證據,未確認正式政策關聯,N/A（事件日期未確認）
TOL,Toll Brothers Inc.,住宅建築／建材,沒有(灰色),未確認,未確認,未確認,未找到公司層級政策關聯證據,未確認正式政策關聯,N/A（事件日期未確認）
TREX,"TREX Co., Inc.",住宅建築／建材,沒有(灰色),未確認,未確認,未確認,未找到公司層級政策關聯證據,未確認正式政策關聯,N/A（事件日期未確認）
USLM,United States Lime & Minerals Inc.,住宅建築／建材,沒有(灰色),未確認,未確認,未確認,未找到公司層級政策關聯證據,未確認正式政策關聯,N/A（事件日期未確認）
VMC,Vulcan Materials Co,住宅建築／建材,沒有(灰色),未確認,未確認,未確認,未找到公司層級政策關聯證據,未確認正式政策關聯,N/A（事件日期未確認）
BTGO,BitGo Holdings Inc.,銀行／房貸／金融科技,有(紅色),2025-07-18,已生效,Guiding and Establishing National Innovation for U.S. Stablecoins Act（GENIUS Act）,Public Law 119-27 — Guiding and Establishing National Innovation for U.S. Stablecoins Act,Public Law 119-27,N/A（事件日尚未上市／無行情）
COIN,Coinbase Global Inc,銀行／房貸／金融科技,有(紅色),2025-02-27,已生效,SEC Announces Dismissal of Civil Enforcement Action Against Coinbase,SEC Press Release 2025-47 — SEC Announces Dismissal of Civil Enforcement Action Against Coinbase,SEC Commission Regulatory Decision（Press Release 2025-47）,-26.22%
CRCL,Circle Internet Group Inc.,銀行／房貸／金融科技,有(紅色),2025-07-18,已生效,Guiding and Establishing National Innovation for U.S. Stablecoins Act（GENIUS Act）,Public Law 119-27 — Guiding and Establishing National Innovation for U.S. Stablecoins Act,Public Law 119-27,-74.28%
HOOD,Robinhood Markets Inc,銀行／房貸／金融科技,有(紅色),2025-07-18,已生效,Guiding and Establishing National Innovation for U.S. Stablecoins Act（GENIUS Act）,Public Law 119-27 — Guiding and Establishing National Innovation for U.S. Stablecoins Act,Public Law 119-27,-5.21%
PYPL,PayPal Holdings Inc,銀行／房貸／金融科技,有(紅色),2025-07-18,已生效,Guiding and Establishing National Innovation for U.S. Stablecoins Act（GENIUS Act）,Public Law 119-27 — Guiding and Establishing National Innovation for U.S. Stablecoins Act,Public Law 119-27,-22.76%
SOFI,SoFi Technologies Inc,銀行／房貸／金融科技,有(紅色),2025-03-07,執行中,OCC Letter Addressing Certain Crypto-Asset Activities,OCC Interpretive Letter 1183 — OCC Letter Addressing Certain Crypto-Asset Activities,OCC Interpretive Letter 1183,+38.80%
AFRM,Affirm Holdings Inc,銀行／房貸／金融科技,沒有(灰色),未確認,未確認,未確認,未找到公司層級政策關聯證據,未確認正式政策關聯,N/A（事件日期未確認）
ALLY,Ally Financial Inc,銀行／房貸／金融科技,沒有(灰色),未確認,未確認,未確認,未找到公司層級政策關聯證據,未確認正式政策關聯,N/A（事件日期未確認）
AXP,American Express Co.,銀行／房貸／金融科技,沒有(灰色),未確認,未確認,未確認,未找到公司層級政策關聯證據,未確認正式政策關聯,N/A（事件日期未確認）
BAC,Bank Of America Corp.,銀行／房貸／金融科技,沒有(灰色),未確認,未確認,未確認,未找到公司層級政策關聯證據,未確認正式政策關聯,N/A（事件日期未確認）
BK,Bank Of New York Mellon Corp,銀行／房貸／金融科技,沒有(灰色),未確認,未確認,未確認,未找到公司層級政策關聯證據,未確認正式政策關聯,N/A（事件日期未確認）
C,Citigroup Inc,銀行／房貸／金融科技,沒有(灰色),未確認,未確認,未確認,未找到公司層級政策關聯證據,未確認正式政策關聯,N/A（事件日期未確認）
CFG,Citizens Financial Group Inc,銀行／房貸／金融科技,沒有(灰色),未確認,未確認,未確認,未找到公司層級政策關聯證據,未確認正式政策關聯,N/A（事件日期未確認）
CMA,"Comerica, Inc.",銀行／房貸／金融科技,沒有(灰色),未確認,未確認,未確認,未找到公司層級政策關聯證據,未確認正式政策關聯,N/A（事件日期未確認）
COF,Capital One Financial Corp.,銀行／房貸／金融科技,沒有(灰色),未確認,未確認,未確認,未找到公司層級政策關聯證據,未確認正式政策關聯,N/A（事件日期未確認）
EWBC,"East West Bancorp, Inc.",銀行／房貸／金融科技,沒有(灰色),未確認,未確認,未確認,未找到公司層級政策關聯證據,未確認正式政策關聯,N/A（事件日期未確認）
FHN,First Horizon Corporation,銀行／房貸／金融科技,沒有(灰色),未確認,未確認,未確認,未找到公司層級政策關聯證據,未確認正式政策關聯,N/A（事件日期未確認）
FI,"Fiserv, Inc.",銀行／房貸／金融科技,沒有(灰色),未確認,未確認,未確認,未找到公司層級政策關聯證據,未確認正式政策關聯,N/A（事件日期未確認）
FIS,"Fidelity National Information Services, Inc.",銀行／房貸／金融科技,沒有(灰色),未確認,未確認,未確認,未找到公司層級政策關聯證據,未確認正式政策關聯,N/A（事件日期未確認）
FITB,Fifth Third Bancorp,銀行／房貸／金融科技,沒有(灰色),未確認,未確認,未確認,未找到公司層級政策關聯證據,未確認正式政策關聯,N/A（事件日期未確認）
FLG,Flagstar Bank NA,銀行／房貸／金融科技,沒有(灰色),未確認,未確認,未確認,未找到公司層級政策關聯證據,未確認正式政策關聯,N/A（事件日期未確認）
GPN,"Global Payments, Inc.",銀行／房貸／金融科技,沒有(灰色),未確認,未確認,未確認,未找到公司層級政策關聯證據,未確認正式政策關聯,N/A（事件日期未確認）
GS,"Goldman Sachs Group, Inc.",銀行／房貸／金融科技,沒有(灰色),未確認,未確認,未確認,未找到公司層級政策關聯證據,未確認正式政策關聯,N/A（事件日期未確認）
HBAN,"Huntington Bancshares, Inc.",銀行／房貸／金融科技,沒有(灰色),未確認,未確認,未確認,未找到公司層級政策關聯證據,未確認正式政策關聯,N/A（事件日期未確認）
JPM,JPMorgan Chase & Co.,銀行／房貸／金融科技,沒有(灰色),未確認,未確認,未確認,未找到公司層級政策關聯證據,未確認正式政策關聯,N/A（事件日期未確認）
KEY,Keycorp,銀行／房貸／金融科技,沒有(灰色),未確認,未確認,未確認,未找到公司層級政策關聯證據,未確認正式政策關聯,N/A（事件日期未確認）
LC,LendingClub Corp,銀行／房貸／金融科技,沒有(灰色),未確認,未確認,未確認,未找到公司層級政策關聯證據,未確認正式政策關聯,N/A（事件日期未確認）
MA,Mastercard Incorporated,銀行／房貸／金融科技,沒有(灰色),未確認,未確認,未確認,未找到公司層級政策關聯證據,未確認正式政策關聯,N/A（事件日期未確認）
MS,Morgan Stanley,銀行／房貸／金融科技,沒有(灰色),未確認,未確認,未確認,未找到公司層級政策關聯證據,未確認正式政策關聯,N/A（事件日期未確認）
MTB,M & T Bank Corp,銀行／房貸／金融科技,沒有(灰色),未確認,未確認,未確認,未找到公司層級政策關聯證據,未確認正式政策關聯,N/A（事件日期未確認）
NMIH,NMI Holdings Inc,銀行／房貸／金融科技,沒有(灰色),未確認,未確認,未確認,未找到公司層級政策關聯證據,未確認正式政策關聯,N/A（事件日期未確認）
NU,Nu Holdings Ltd,銀行／房貸／金融科技,沒有(灰色),未確認,未確認,未確認,未找到公司層級政策關聯證據,未確認正式政策關聯,N/A（事件日期未確認）
OPEN,Opendoor Technologies Inc,銀行／房貸／金融科技,沒有(灰色),未確認,未確認,未確認,未找到公司層級政策關聯證據,未確認正式政策關聯,N/A（事件日期未確認）
PFSI,PennyMac Financial Services Inc.,銀行／房貸／金融科技,沒有(灰色),未確認,未確認,未確認,未找到公司層級政策關聯證據,未確認正式政策關聯,N/A（事件日期未確認）
PNC,PNC Financial Services Group Inc,銀行／房貸／金融科技,沒有(灰色),未確認,未確認,未確認,未找到公司層級政策關聯證據,未確認正式政策關聯,N/A（事件日期未確認）
RDN,"Radian Group, Inc.",銀行／房貸／金融科技,沒有(灰色),未確認,未確認,未確認,未找到公司層級政策關聯證據,未確認正式政策關聯,N/A（事件日期未確認）
RF,Regions Financial Corp.,銀行／房貸／金融科技,沒有(灰色),未確認,未確認,未確認,未找到公司層級政策關聯證據,未確認正式政策關聯,N/A（事件日期未確認）
RITM,Rithm Capital Corporation,銀行／房貸／金融科技,沒有(灰色),未確認,未確認,未確認,未找到公司層級政策關聯證據,未確認正式政策關聯,N/A（事件日期未確認）
RKT,Rocket Companies Inc,銀行／房貸／金融科技,沒有(灰色),未確認,未確認,未確認,未找到公司層級政策關聯證據,未確認正式政策關聯,N/A（事件日期未確認）
STT,State Street Corp.,銀行／房貸／金融科技,沒有(灰色),未確認,未確認,未確認,未找到公司層級政策關聯證據,未確認正式政策關聯,N/A（事件日期未確認）
SYF,Synchrony Financial,銀行／房貸／金融科技,沒有(灰色),未確認,未確認,未確認,未找到公司層級政策關聯證據,未確認正式政策關聯,N/A（事件日期未確認）
TFC,Truist Financial Corporation,銀行／房貸／金融科技,沒有(灰色),未確認,未確認,未確認,未找到公司層級政策關聯證據,未確認正式政策關聯,N/A（事件日期未確認）
TREE,LendingTree Inc.,銀行／房貸／金融科技,沒有(灰色),未確認,未確認,未確認,未找到公司層級政策關聯證據,未確認正式政策關聯,N/A（事件日期未確認）
UPST,Upstart Holdings Inc,銀行／房貸／金融科技,沒有(灰色),未確認,未確認,未確認,未找到公司層級政策關聯證據,未確認正式政策關聯,N/A（事件日期未確認）
USB,U.S. Bancorp.,銀行／房貸／金融科技,沒有(灰色),未確認,未確認,未確認,未找到公司層級政策關聯證據,未確認正式政策關聯,N/A（事件日期未確認）
UWMC,UWM Holdings Corporation,銀行／房貸／金融科技,沒有(灰色),未確認,未確認,未確認,未找到公司層級政策關聯證據,未確認正式政策關聯,N/A（事件日期未確認）
V,Visa Inc,銀行／房貸／金融科技,沒有(灰色),未確認,未確認,未確認,未找到公司層級政策關聯證據,未確認正式政策關聯,N/A（事件日期未確認）
WAL,Western Alliance Bancorp,銀行／房貸／金融科技,沒有(灰色),未確認,未確認,未確認,未找到公司層級政策關聯證據,未確認正式政策關聯,N/A（事件日期未確認）
WFC,Wells Fargo & Co.,銀行／房貸／金融科技,沒有(灰色),未確認,未確認,未確認,未找到公司層級政策關聯證據,未確認正式政策關聯,N/A（事件日期未確認）
XYZ,Block Inc,銀行／房貸／金融科技,沒有(灰色),未確認,未確認,未確認,未找到公司層級政策關聯證據,未確認正式政策關聯,N/A（事件日期未確認）
ZION,Zions Bancorporation N.A,銀行／房貸／金融科技,沒有(灰色),未確認,未確認,未確認,未找到公司層級政策關聯證據,未確認正式政策關聯,N/A（事件日期未確認）
